Timestamp,Location,Temperature,Humidity,Precipitation
2024-10-30 23:44:39,San Jose,24.89,70.15,3.69
2024-10-30 22:44:39,San Jose,30.5,12.15,8.09
2024-10-30 21:44:39,San Jose,36.96,67.91,0.12
2024-10-30 20:44:39,San Jose,-6.86,91.96,7.67
2024-10-30 19:44:39,San Jose,18.92,65.59,12.1
2024-10-30 18:44:39,San Jose,-8.66,41.09,12.11
2024-10-30 17:44:39,San Jose,26.79,71.03,0.84
2024-10-30 16:44:39,San Jose,36.9,85.25,8.31
2024-10-30 15:44:39,San Jose,20.9,53.06,1.19
2024-10-30 14:44:39,San Jose,1.47,92.18,10.1
2024-10-30 13:44:39,San Jose,1.12,98.66,18.5
2024-10-30 12:44:39,San Jose,22.09,96.26,15.73
2024-10-30 11:44:39,San Jose,24.21,45.15,15.26
2024-10-30 10:44:39,San Jose,13.5,29.85,10.38
2024-10-30 09:44:39,San Jose,10.28,21.9,4.76
2024-10-30 08:44:39,San Jose,5.01,86.0,1.95
2024-10-30 07:44:39,San Jose,29.68,33.13,16.48
2024-10-30 06:44:39,San Jose,21.6,17.59,14.33
2024-10-30 05:44:39,San Jose,0.56,75.72,15.93
2024-10-30 04:44:39,San Jose,-8.03,26.03,1.19
2024-10-30 03:44:39,San Jose,8.02,11.73,17.99
2024-10-30 02:44:39,San Jose,14.29,89.27,14.29
2024-10-30 01:44:39,San Jose,-1.56,98.13,14.19
2024-10-30 00:44:39,San Jose,1.55,77.55,19.11
2024-10-29 23:44:39,San Jose,-4.43,12.8,10.06
2024-10-29 22:44:39,San Jose,-0.99,29.67,12.43
2024-10-29 21:44:39,San Jose,-4.35,79.17,10.58
2024-10-29 20:44:39,San Jose,-3.1,94.05,0.09
2024-10-29 19:44:39,San Jose,9.7,83.32,15.58
2024-10-29 18:44:39,San Jose,3.6,76.58,3.57
2024-10-29 17:44:39,San Jose,-1.22,53.12,4.49
2024-10-29 16:44:39,San Jose,26.25,23.14,11.71
2024-10-29 15:44:39,San Jose,35.29,69.69,0.79
2024-10-29 14:44:39,San Jose,27.02,32.29,1.36
2024-10-29 13:44:39,San Jose,14.17,59.08,15.29
2024-10-29 12:44:39,San Jose,11.47,44.41,4.86
2024-10-29 11:44:39,San Jose,-7.62,56.34,12.78
2024-10-29 10:44:39,San Jose,-5.89,67.57,6.85
2024-10-29 09:44:39,San Jose,-1.17,12.21,5.42
2024-10-29 08:44:39,San Jose,31.5,51.42,6.99
2024-10-29 07:44:39,San Jose,-9.17,50.89,17.53
2024-10-29 06:44:39,San Jose,-0.84,67.92,14.63
2024-10-29 05:44:39,San Jose,4.29,88.35,0.58
2024-10-29 04:44:39,San Jose,14.14,38.86,2.86
2024-10-29 03:44:39,San Jose,27.31,16.16,10.5
2024-10-29 02:44:39,San Jose,15.73,53.35,13.04
2024-10-29 01:44:39,San Jose,36.61,79.99,7.57
2024-10-29 00:44:39,San Jose,4.87,86.95,16.2
2024-10-28 23:44:39,San Jose,3.92,46.45,13.23
2024-10-28 22:44:39,San Jose,7.53,46.78,9.13
2024-10-28 21:44:39,San Jose,27.29,71.39,8.38
2024-10-28 20:44:39,San Jose,19.42,98.59,10.0
2024-10-28 19:44:39,San Jose,13.76,97.93,14.54
2024-10-28 18:44:39,San Jose,22.67,47.35,8.73
2024-10-28 17:44:39,San Jose,-1.77,69.99,11.61
2024-10-28 16:44:39,San Jose,31.21,87.52,1.24
2024-10-28 15:44:39,San Jose,35.1,26.17,3.03
2024-10-28 14:44:39,San Jose,26.53,23.74,17.47
2024-10-28 13:44:39,San Jose,25.79,88.27,0.43
2024-10-28 12:44:39,San Jose,39.3,71.62,18.57
2024-10-28 11:44:39,San Jose,-7.03,14.07,2.73
2024-10-28 10:44:39,San Jose,25.44,11.4,19.59
2024-10-28 09:44:39,San Jose,14.35,86.75,19.18
2024-10-28 08:44:39,San Jose,23.7,67.09,2.04
2024-10-28 07:44:39,San Jose,32.45,92.04,18.37
2024-10-28 06:44:39,San Jose,39.75,90.9,10.69
2024-10-28 05:44:39,San Jose,20.52,92.46,1.18
2024-10-28 04:44:39,San Jose,-3.94,48.86,14.18
2024-10-28 03:44:39,San Jose,2.17,41.95,12.46
2024-10-28 02:44:39,San Jose,8.93,94.09,15.5
2024-10-28 01:44:39,San Jose,18.12,92.8,13.6
2024-10-28 00:44:39,San Jose,32.66,22.81,16.99
2024-10-27 23:44:39,San Jose,15.31,69.16,12.01
2024-10-27 22:44:39,San Jose,21.47,32.46,1.26
2024-10-27 21:44:39,San Jose,30.66,62.34,0.58
2024-10-27 20:44:39,San Jose,-8.7,58.83,6.83
2024-10-27 19:44:39,San Jose,4.74,46.82,16.12
2024-10-27 18:44:39,San Jose,36.46,87.81,4.14
2024-10-27 17:44:39,San Jose,0.85,99.37,19.42
2024-10-27 16:44:39,San Jose,18.4,55.28,12.29
2024-10-27 15:44:39,San Jose,32.93,20.89,7.81
2024-10-27 14:44:39,San Jose,10.26,39.08,13.65
2024-10-27 13:44:39,San Jose,7.76,36.98,1.99
2024-10-27 12:44:39,San Jose,27.18,95.12,1.22
2024-10-27 11:44:39,San Jose,6.74,58.9,11.55
2024-10-27 10:44:39,San Jose,29.96,22.58,8.78
2024-10-27 09:44:39,San Jose,28.13,57.88,14.74
2024-10-27 08:44:39,San Jose,16.71,54.86,2.81
2024-10-27 07:44:39,San Jose,-7.96,51.85,13.53
2024-10-27 06:44:39,San Jose,-1.89,18.58,8.49
2024-10-27 05:44:39,San Jose,30.12,99.99,14.69
2024-10-27 04:44:39,San Jose,37.13,96.63,9.44
2024-10-27 03:44:39,San Jose,32.96,70.98,13.21
2024-10-27 02:44:39,San Jose,31.86,65.83,10.49
2024-10-27 01:44:39,San Jose,-5.37,30.98,12.15
2024-10-27 00:44:39,San Jose,27.85,90.43,13.77
2024-10-26 23:44:39,San Jose,30.11,87.68,5.73
2024-10-26 22:44:39,San Jose,36.89,13.03,16.05
2024-10-26 21:44:39,San Jose,4.96,62.17,7.61
2024-10-26 20:44:39,San Jose,12.54,28.91,1.1
2024-10-30 23:44:39,Fremont,13.54,31.08,18.3
2024-10-30 22:44:39,Fremont,39.19,92.44,2.04
2024-10-30 21:44:39,Fremont,35.92,90.64,7.33
2024-10-30 20:44:39,Fremont,24.88,84.91,12.95
2024-10-30 19:44:39,Fremont,15.56,19.64,1.09
2024-10-30 18:44:39,Fremont,18.45,91.39,17.93
2024-10-30 17:44:39,Fremont,-2.95,49.76,10.15
2024-10-30 16:44:39,Fremont,3.65,62.7,15.4
2024-10-30 15:44:39,Fremont,-1.92,51.76,8.63
2024-10-30 14:44:39,Fremont,-9.66,36.67,1.38
2024-10-30 13:44:39,Fremont,28.97,80.33,13.31
2024-10-30 12:44:39,Fremont,32.66,73.87,16.8
2024-10-30 11:44:39,Fremont,-4.82,84.8,18.71
2024-10-30 10:44:39,Fremont,27.87,37.4,6.45
2024-10-30 09:44:39,Fremont,24.94,89.63,10.23
2024-10-30 08:44:39,Fremont,34.85,28.37,13.0
2024-10-30 07:44:39,Fremont,26.92,41.48,3.7
2024-10-30 06:44:39,Fremont,18.9,18.2,9.87
2024-10-30 05:44:39,Fremont,39.67,97.51,9.03
2024-10-30 04:44:39,Fremont,35.23,79.38,10.31
2024-10-30 03:44:39,Fremont,0.58,77.29,17.97
2024-10-30 02:44:39,Fremont,23.27,55.87,16.7
2024-10-30 01:44:39,Fremont,15.59,20.56,18.99
2024-10-30 00:44:39,Fremont,20.41,30.86,1.69
2024-10-29 23:44:39,Fremont,-1.25,26.35,16.99
2024-10-29 22:44:39,Fremont,31.04,56.38,9.36
2024-10-29 21:44:39,Fremont,-8.66,75.74,0.77
2024-10-29 20:44:39,Fremont,28.58,25.84,15.84
2024-10-29 19:44:39,Fremont,36.64,36.42,0.75
2024-10-29 18:44:39,Fremont,-0.77,44.41,5.67
2024-10-29 17:44:39,Fremont,25.54,71.76,7.91
2024-10-29 16:44:39,Fremont,31.22,76.41,9.2
2024-10-29 15:44:39,Fremont,28.92,11.17,11.77
2024-10-29 14:44:39,Fremont,21.74,88.94,5.83
2024-10-29 13:44:39,Fremont,35.9,31.31,2.34
2024-10-29 12:44:39,Fremont,20.1,23.88,4.64
2024-10-29 11:44:39,Fremont,11.24,24.01,14.43
2024-10-29 10:44:39,Fremont,11.74,98.22,7.17
2024-10-29 09:44:39,Fremont,0.91,89.36,9.85
2024-10-29 08:44:39,Fremont,9.34,70.96,0.39
2024-10-29 07:44:39,Fremont,34.99,18.75,3.26
2024-10-29 06:44:39,Fremont,-6.67,49.64,10.89
2024-10-29 05:44:39,Fremont,9.22,56.22,7.06
2024-10-29 04:44:39,Fremont,33.55,25.97,5.87
2024-10-29 03:44:39,Fremont,11.53,30.29,6.02
2024-10-29 02:44:39,Fremont,32.91,13.1,0.63
2024-10-29 01:44:39,Fremont,26.48,13.45,3.65
2024-10-29 00:44:39,Fremont,38.99,90.58,2.58
2024-10-28 23:44:39,Fremont,16.68,77.69,15.12
2024-10-28 22:44:39,Fremont,4.3,96.97,15.87
2024-10-28 21:44:39,Fremont,15.71,63.64,4.65
2024-10-28 20:44:39,Fremont,7.16,55.36,9.67
2024-10-28 19:44:39,Fremont,27.49,45.51,9.66
2024-10-28 18:44:39,Fremont,3.39,11.03,13.92
2024-10-28 17:44:39,Fremont,33.95,61.32,1.87
2024-10-28 16:44:39,Fremont,20.9,69.63,6.67
2024-10-28 15:44:39,Fremont,19.81,30.47,16.52
2024-10-28 14:44:39,Fremont,36.54,12.53,12.63
2024-10-28 13:44:39,Fremont,11.32,23.56,8.14
2024-10-28 12:44:39,Fremont,31.26,31.74,1.85
2024-10-28 11:44:39,Fremont,17.45,24.79,8.91
2024-10-28 10:44:39,Fremont,14.64,89.51,13.56
2024-10-28 09:44:39,Fremont,11.94,80.33,9.09
2024-10-28 08:44:39,Fremont,20.95,43.18,5.52
2024-10-28 07:44:39,Fremont,29.06,59.01,4.07
2024-10-28 06:44:39,Fremont,-2.96,67.79,19.63
2024-10-28 05:44:39,Fremont,8.0,58.25,15.48
2024-10-28 04:44:39,Fremont,0.37,49.4,3.94
2024-10-28 03:44:39,Fremont,21.89,46.22,15.97
2024-10-28 02:44:39,Fremont,36.83,57.76,11.0
2024-10-28 01:44:39,Fremont,39.39,16.3,16.39
2024-10-28 00:44:39,Fremont,20.26,24.11,15.16
2024-10-27 23:44:39,Fremont,14.22,89.01,3.86
2024-10-27 22:44:39,Fremont,36.18,20.36,18.21
2024-10-27 21:44:39,Fremont,13.82,43.77,18.62
2024-10-27 20:44:39,Fremont,-1.66,28.69,3.87
2024-10-27 19:44:39,Fremont,-8.84,73.6,19.24
2024-10-27 18:44:39,Fremont,15.32,76.74,19.06
2024-10-27 17:44:39,Fremont,14.83,45.4,0.35
2024-10-27 16:44:39,Fremont,27.6,57.94,0.81
2024-10-27 15:44:39,Fremont,33.82,64.52,15.46
2024-10-27 14:44:39,Fremont,24.72,92.98,14.54
2024-10-27 13:44:39,Fremont,1.78,29.0,19.42
2024-10-27 12:44:39,Fremont,-5.9,43.35,3.34
2024-10-27 11:44:39,Fremont,13.07,44.09,4.2
2024-10-27 10:44:39,Fremont,-1.94,95.8,13.24
2024-10-27 09:44:39,Fremont,31.23,45.11,12.19
2024-10-27 08:44:39,Fremont,-0.3,17.66,10.15
2024-10-27 07:44:39,Fremont,4.2,86.19,6.01
2024-10-27 06:44:39,Fremont,-6.25,73.57,16.35
2024-10-27 05:44:39,Fremont,3.52,24.77,15.18
2024-10-27 04:44:39,Fremont,39.94,89.54,18.75
2024-10-27 03:44:39,Fremont,30.97,81.62,15.87
2024-10-27 02:44:39,Fremont,35.96,87.25,14.81
2024-10-27 01:44:39,Fremont,35.58,71.31,2.67
2024-10-27 00:44:39,Fremont,11.87,70.96,17.53
2024-10-26 23:44:39,Fremont,11.57,69.17,3.92
2024-10-26 22:44:39,Fremont,9.87,69.6,6.03
2024-10-26 21:44:39,Fremont,-7.29,40.98,1.7
2024-10-26 20:44:39,Fremont,5.63,52.92,4.5
2024-10-30 23:44:39,Cupertino,16.48,49.72,2.87
2024-10-30 22:44:39,Cupertino,9.42,16.9,18.43
2024-10-30 21:44:39,Cupertino,-4.56,21.28,0.21
2024-10-30 20:44:39,Cupertino,1.08,68.41,18.17
2024-10-30 19:44:39,Cupertino,15.99,31.84,1.04
2024-10-30 18:44:39,Cupertino,38.08,91.7,17.71
2024-10-30 17:44:39,Cupertino,38.47,69.87,6.73
2024-10-30 16:44:39,Cupertino,15.49,41.76,2.0
2024-10-30 15:44:39,Cupertino,11.23,30.09,7.16
2024-10-30 14:44:39,Cupertino,6.49,80.53,10.87
2024-10-30 13:44:39,Cupertino,9.42,34.62,18.54
2024-10-30 12:44:39,Cupertino,24.69,11.61,5.23
2024-10-30 11:44:39,Cupertino,21.68,59.79,15.12
2024-10-30 10:44:39,Cupertino,24.59,50.87,4.11
2024-10-30 09:44:39,Cupertino,29.71,60.34,0.46
2024-10-30 08:44:39,Cupertino,21.98,86.49,13.95
2024-10-30 07:44:39,Cupertino,19.33,19.04,8.46
2024-10-30 06:44:39,Cupertino,8.02,20.82,6.36
2024-10-30 05:44:39,Cupertino,27.0,20.96,2.93
2024-10-30 04:44:39,Cupertino,23.02,12.21,18.71
2024-10-30 03:44:39,Cupertino,25.96,19.4,8.21
2024-10-30 02:44:39,Cupertino,7.22,54.11,1.74
2024-10-30 01:44:39,Cupertino,12.35,14.08,4.22
2024-10-30 00:44:39,Cupertino,9.64,91.7,2.39
2024-10-29 23:44:39,Cupertino,20.27,24.47,7.81
2024-10-29 22:44:39,Cupertino,34.62,12.46,12.83
2024-10-29 21:44:39,Cupertino,-1.74,96.21,11.93
2024-10-29 20:44:39,Cupertino,5.96,13.37,17.23
2024-10-29 19:44:39,Cupertino,8.23,47.98,8.13
2024-10-29 18:44:39,Cupertino,15.51,60.16,4.17
2024-10-29 17:44:39,Cupertino,19.4,51.76,11.71
2024-10-29 16:44:39,Cupertino,25.03,74.07,18.62
2024-10-29 15:44:39,Cupertino,16.97,27.45,15.29
2024-10-29 14:44:39,Cupertino,38.6,57.78,9.44
2024-10-29 13:44:39,Cupertino,7.66,43.2,14.03
2024-10-29 12:44:39,Cupertino,33.54,39.16,10.62
2024-10-29 11:44:39,Cupertino,1.5,41.07,11.01
2024-10-29 10:44:39,Cupertino,37.75,23.52,11.27
2024-10-29 09:44:39,Cupertino,15.28,24.36,15.66
2024-10-29 08:44:39,Cupertino,5.88,76.3,18.75
2024-10-29 07:44:39,Cupertino,17.44,16.14,11.97
2024-10-29 06:44:39,Cupertino,12.46,18.67,15.16
2024-10-29 05:44:39,Cupertino,22.81,78.66,15.39
2024-10-29 04:44:39,Cupertino,32.4,50.86,16.09
2024-10-29 03:44:39,Cupertino,23.35,92.35,7.46
2024-10-29 02:44:39,Cupertino,26.86,74.72,18.45
2024-10-29 01:44:39,Cupertino,28.46,46.45,5.7
2024-10-29 00:44:39,Cupertino,7.23,84.36,2.79
2024-10-28 23:44:39,Cupertino,2.1,27.66,13.83
2024-10-28 22:44:39,Cupertino,3.67,22.9,6.8
2024-10-28 21:44:39,Cupertino,10.39,23.9,5.11
2024-10-28 20:44:39,Cupertino,15.35,61.91,0.16
2024-10-28 19:44:39,Cupertino,11.67,32.66,15.92
2024-10-28 18:44:39,Cupertino,37.43,62.25,9.64
2024-10-28 17:44:39,Cupertino,15.14,51.93,2.2
2024-10-28 16:44:39,Cupertino,-2.54,82.53,4.97
2024-10-28 15:44:39,Cupertino,25.42,56.56,15.16
2024-10-28 14:44:39,Cupertino,16.05,16.46,13.1
2024-10-28 13:44:39,Cupertino,1.92,95.87,14.23
2024-10-28 12:44:39,Cupertino,5.79,45.45,6.35
2024-10-28 11:44:39,Cupertino,-1.58,59.53,18.64
2024-10-28 10:44:39,Cupertino,19.63,36.83,12.37
2024-10-28 09:44:39,Cupertino,4.49,89.44,9.51
2024-10-28 08:44:39,Cupertino,-2.17,64.7,13.42
2024-10-28 07:44:39,Cupertino,15.41,88.28,15.68
2024-10-28 06:44:39,Cupertino,19.91,22.48,14.36
2024-10-28 05:44:39,Cupertino,10.86,53.92,16.87
2024-10-28 04:44:39,Cupertino,36.44,89.24,16.27
2024-10-28 03:44:39,Cupertino,10.0,91.36,7.73
2024-10-28 02:44:39,Cupertino,-7.69,32.94,10.55
2024-10-28 01:44:39,Cupertino,35.46,39.67,7.91
2024-10-28 00:44:39,Cupertino,39.8,91.27,6.18
2024-10-27 23:44:39,Cupertino,22.36,62.48,13.44
2024-10-27 22:44:39,Cupertino,-1.19,15.43,4.25
2024-10-27 21:44:39,Cupertino,20.99,45.72,6.66
2024-10-27 20:44:39,Cupertino,24.09,56.46,2.07
2024-10-27 19:44:39,Cupertino,-5.69,77.99,10.09
2024-10-27 18:44:39,Cupertino,15.47,45.62,19.06
2024-10-27 17:44:39,Cupertino,21.62,14.17,6.38
2024-10-27 16:44:39,Cupertino,2.81,16.19,17.04
2024-10-27 15:44:39,Cupertino,29.59,43.04,17.37
2024-10-27 14:44:39,Cupertino,-1.76,78.48,5.24
2024-10-27 13:44:39,Cupertino,11.15,20.85,7.88
2024-10-27 12:44:39,Cupertino,8.01,66.72,0.81
2024-10-27 11:44:39,Cupertino,11.9,72.24,15.11
2024-10-27 10:44:39,Cupertino,-6.23,91.3,18.71
2024-10-27 09:44:39,Cupertino,23.06,11.43,6.98
2024-10-27 08:44:39,Cupertino,35.83,21.85,13.55
2024-10-27 07:44:39,Cupertino,18.46,17.57,8.23
2024-10-27 06:44:39,Cupertino,24.13,72.39,14.66
2024-10-27 05:44:39,Cupertino,-3.69,89.8,9.69
2024-10-27 04:44:39,Cupertino,29.36,85.89,1.87
2024-10-27 03:44:39,Cupertino,0.12,14.67,16.73
2024-10-27 02:44:39,Cupertino,-4.1,21.35,12.45
2024-10-27 01:44:39,Cupertino,20.81,13.9,13.27
2024-10-27 00:44:39,Cupertino,30.19,24.41,8.03
2024-10-26 23:44:39,Cupertino,17.03,32.6,4.45
2024-10-26 22:44:39,Cupertino,6.17,47.46,8.39
2024-10-26 21:44:39,Cupertino,-9.55,76.86,15.75
2024-10-26 20:44:39,Cupertino,9.15,38.63,18.22
2024-10-30 23:44:39,Santa Clara,-0.95,60.95,6.64
2024-10-30 22:44:39,Santa Clara,15.53,82.64,15.81
2024-10-30 21:44:39,Santa Clara,36.8,56.8,8.86
2024-10-30 20:44:39,Santa Clara,6.04,61.35,17.18
2024-10-30 19:44:39,Santa Clara,20.77,17.07,13.24
2024-10-30 18:44:39,Santa Clara,39.3,81.9,6.88
2024-10-30 17:44:39,Santa Clara,4.67,92.7,16.35
2024-10-30 16:44:39,Santa Clara,3.41,86.1,13.79
2024-10-30 15:44:39,Santa Clara,28.3,30.15,9.03
2024-10-30 14:44:39,Santa Clara,-0.84,11.48,8.57
2024-10-30 13:44:39,Santa Clara,9.97,95.93,4.8
2024-10-30 12:44:39,Santa Clara,9.38,15.96,19.58
2024-10-30 11:44:39,Santa Clara,-4.89,97.32,11.6
2024-10-30 10:44:39,Santa Clara,17.22,26.06,5.28
2024-10-30 09:44:39,Santa Clara,26.41,21.22,19.29
2024-10-30 08:44:39,Santa Clara,7.81,33.22,15.91
2024-10-30 07:44:39,Santa Clara,35.99,78.05,7.05
2024-10-30 06:44:39,Santa Clara,-5.59,90.78,4.16
2024-10-30 05:44:39,Santa Clara,27.1,77.32,16.93
2024-10-30 04:44:39,Santa Clara,18.99,55.85,8.52
2024-10-30 03:44:39,Santa Clara,22.48,89.3,6.31
2024-10-30 02:44:39,Santa Clara,18.81,12.64,16.29
2024-10-30 01:44:39,Santa Clara,2.21,17.96,17.55
2024-10-30 00:44:39,Santa Clara,23.06,18.92,16.11
2024-10-29 23:44:39,Santa Clara,16.43,46.91,19.91
2024-10-29 22:44:39,Santa Clara,6.73,60.01,14.27
2024-10-29 21:44:39,Santa Clara,-1.23,81.01,3.03
2024-10-29 20:44:39,Santa Clara,16.45,82.31,6.92
2024-10-29 19:44:39,Santa Clara,5.81,66.59,8.45
2024-10-29 18:44:39,Santa Clara,4.18,15.45,8.97
2024-10-29 17:44:39,Santa Clara,6.86,48.23,9.51
2024-10-29 16:44:39,Santa Clara,38.18,50.79,7.64
2024-10-29 15:44:39,Santa Clara,35.45,80.11,8.28
2024-10-29 14:44:39,Santa Clara,38.94,24.26,9.66
2024-10-29 13:44:39,Santa Clara,22.81,15.24,8.32
2024-10-29 12:44:39,Santa Clara,-5.17,48.83,12.99
2024-10-29 11:44:39,Santa Clara,28.91,73.07,13.28
2024-10-29 10:44:39,Santa Clara,-3.34,91.73,13.49
2024-10-29 09:44:39,Santa Clara,28.02,70.52,6.84
2024-10-29 08:44:39,Santa Clara,-7.02,95.14,4.97
2024-10-29 07:44:39,Santa Clara,30.09,12.43,14.02
2024-10-29 06:44:39,Santa Clara,-9.82,53.49,6.96
2024-10-29 05:44:39,Santa Clara,-5.41,98.18,5.08
2024-10-29 04:44:39,Santa Clara,-1.42,97.84,13.16
2024-10-29 03:44:39,Santa Clara,10.51,42.57,14.86
2024-10-29 02:44:39,Santa Clara,31.07,24.37,3.29
2024-10-29 01:44:39,Santa Clara,1.99,47.78,16.27
2024-10-29 00:44:39,Santa Clara,1.87,91.0,7.91
2024-10-28 23:44:39,Santa Clara,7.98,52.88,4.12
2024-10-28 22:44:39,Santa Clara,21.73,55.53,11.9
2024-10-28 21:44:39,Santa Clara,6.08,16.73,9.82
2024-10-28 20:44:39,Santa Clara,34.67,28.15,5.85
2024-10-28 19:44:39,Santa Clara,5.98,16.22,8.17
2024-10-28 18:44:39,Santa Clara,18.4,83.34,17.12
2024-10-28 17:44:39,Santa Clara,35.27,41.65,9.38
2024-10-28 16:44:39,Santa Clara,36.75,69.08,10.35
2024-10-28 15:44:39,Santa Clara,34.69,68.27,6.63
2024-10-28 14:44:39,Santa Clara,33.74,35.37,16.07
2024-10-28 13:44:39,Santa Clara,-0.38,85.27,16.59
2024-10-28 12:44:39,Santa Clara,1.65,48.12,0.31
2024-10-28 11:44:39,Santa Clara,22.86,18.41,14.82
2024-10-28 10:44:39,Santa Clara,38.88,26.46,16.7
2024-10-28 09:44:39,Santa Clara,30.34,58.24,19.02
2024-10-28 08:44:39,Santa Clara,-7.97,88.72,3.89
2024-10-28 07:44:39,Santa Clara,4.36,37.68,16.75
2024-10-28 06:44:39,Santa Clara,-8.41,37.3,10.89
2024-10-28 05:44:39,Santa Clara,5.11,62.03,0.81
2024-10-28 04:44:39,Santa Clara,-5.5,81.26,18.03
2024-10-28 03:44:39,Santa Clara,22.77,56.85,19.93
2024-10-28 02:44:39,Santa Clara,-6.1,26.71,4.27
2024-10-28 01:44:39,Santa Clara,6.34,71.72,11.86
2024-10-28 00:44:39,Santa Clara,20.39,50.25,6.62
2024-10-27 23:44:39,Santa Clara,10.69,72.34,9.1
2024-10-27 22:44:39,Santa Clara,17.48,63.29,6.27
2024-10-27 21:44:39,Santa Clara,22.57,62.65,4.91
2024-10-27 20:44:39,Santa Clara,31.46,35.21,5.99
2024-10-27 19:44:39,Santa Clara,2.74,56.91,3.45
2024-10-27 18:44:39,Santa Clara,24.64,93.34,7.93
2024-10-27 17:44:39,Santa Clara,11.76,75.67,17.9
2024-10-27 16:44:39,Santa Clara,3.09,45.73,4.03
2024-10-27 15:44:39,Santa Clara,7.46,43.18,8.07
2024-10-27 14:44:39,Santa Clara,31.35,91.46,7.62
2024-10-27 13:44:39,Santa Clara,16.07,53.63,16.75
2024-10-27 12:44:39,Santa Clara,13.31,77.22,8.5
2024-10-27 11:44:39,Santa Clara,-3.64,85.68,18.81
2024-10-27 10:44:39,Santa Clara,-9.77,89.53,10.13
2024-10-27 09:44:39,Santa Clara,25.66,43.51,4.23
2024-10-27 08:44:39,Santa Clara,-4.57,85.91,11.42
2024-10-27 07:44:39,Santa Clara,32.73,54.67,16.14
2024-10-27 06:44:39,Santa Clara,16.58,77.17,17.98
2024-10-27 05:44:39,Santa Clara,0.46,29.64,14.32
2024-10-27 04:44:39,Santa Clara,-9.77,98.59,15.38
2024-10-27 03:44:39,Santa Clara,31.66,40.24,1.26
2024-10-27 02:44:39,Santa Clara,24.5,86.44,7.0
2024-10-27 01:44:39,Santa Clara,26.0,79.57,1.62
2024-10-27 00:44:39,Santa Clara,12.93,15.62,9.57
2024-10-26 23:44:39,Santa Clara,-0.68,49.32,16.29
2024-10-26 22:44:39,Santa Clara,0.37,45.8,0.65
2024-10-26 21:44:39,Santa Clara,5.09,79.99,11.26
2024-10-26 20:44:39,Santa Clara,26.8,76.17,3.98
2024-10-30 23:44:39,Oakland,-5.96,33.58,4.32
2024-10-30 22:44:39,Oakland,27.68,63.39,12.49
2024-10-30 21:44:39,Oakland,-2.59,26.86,19.32
2024-10-30 20:44:39,Oakland,-5.21,39.45,10.17
2024-10-30 19:44:39,Oakland,8.9,34.55,2.12
2024-10-30 18:44:39,Oakland,31.48,69.69,3.83
2024-10-30 17:44:39,Oakland,37.03,45.26,0.27
2024-10-30 16:44:39,Oakland,29.25,74.78,8.36
2024-10-30 15:44:39,Oakland,28.0,79.69,1.11
2024-10-30 14:44:39,Oakland,-2.29,31.52,15.92
2024-10-30 13:44:39,Oakland,5.11,80.22,0.31
2024-10-30 12:44:39,Oakland,19.1,57.35,16.34
2024-10-30 11:44:39,Oakland,0.12,44.6,9.51
2024-10-30 10:44:39,Oakland,38.21,32.13,13.19
2024-10-30 09:44:39,Oakland,-0.81,21.11,19.91
2024-10-30 08:44:39,Oakland,14.85,94.21,16.21
2024-10-30 07:44:39,Oakland,22.8,12.49,11.18
2024-10-30 06:44:39,Oakland,26.11,69.75,4.72
2024-10-30 05:44:39,Oakland,26.25,83.71,10.09
2024-10-30 04:44:39,Oakland,35.05,20.46,1.67
2024-10-30 03:44:39,Oakland,5.91,59.44,13.93
2024-10-30 02:44:39,Oakland,21.45,71.14,7.6
2024-10-30 01:44:39,Oakland,17.21,43.06,18.15
2024-10-30 00:44:39,Oakland,22.3,85.14,19.79
2024-10-29 23:44:39,Oakland,32.93,21.22,16.2
2024-10-29 22:44:39,Oakland,12.17,85.02,13.37
2024-10-29 21:44:39,Oakland,2.17,39.07,2.69
2024-10-29 20:44:39,Oakland,22.24,59.54,7.21
2024-10-29 19:44:39,Oakland,-2.69,51.47,9.33
2024-10-29 18:44:39,Oakland,1.97,82.0,8.08
2024-10-29 17:44:39,Oakland,-2.9,34.38,16.2
2024-10-29 16:44:39,Oakland,9.91,50.04,2.03
2024-10-29 15:44:39,Oakland,27.99,83.96,17.41
2024-10-29 14:44:39,Oakland,14.69,98.2,5.14
2024-10-29 13:44:39,Oakland,23.74,97.56,16.06
2024-10-29 12:44:39,Oakland,21.78,29.49,6.28
2024-10-29 11:44:39,Oakland,29.17,79.19,17.36
2024-10-29 10:44:39,Oakland,18.48,75.27,12.63
2024-10-29 09:44:39,Oakland,7.06,24.34,13.42
2024-10-29 08:44:39,Oakland,18.0,78.47,17.92
2024-10-29 07:44:39,Oakland,31.96,56.35,7.67
2024-10-29 06:44:39,Oakland,27.26,73.9,2.69
2024-10-29 05:44:39,Oakland,-4.47,86.59,7.47
2024-10-29 04:44:39,Oakland,18.45,83.43,17.38
2024-10-29 03:44:39,Oakland,32.74,35.9,8.82
2024-10-29 02:44:39,Oakland,-1.43,81.37,11.71
2024-10-29 01:44:39,Oakland,37.89,79.21,14.8
2024-10-29 00:44:39,Oakland,32.53,14.21,19.51
2024-10-28 23:44:39,Oakland,28.91,64.77,1.37
2024-10-28 22:44:39,Oakland,3.4,89.62,4.69
2024-10-28 21:44:39,Oakland,-3.11,78.14,11.03
2024-10-28 20:44:39,Oakland,0.68,18.42,1.31
2024-10-28 19:44:39,Oakland,3.13,50.39,1.77
2024-10-28 18:44:39,Oakland,16.08,92.51,2.04
2024-10-28 17:44:39,Oakland,12.06,95.85,18.79
2024-10-28 16:44:39,Oakland,26.15,47.59,13.55
2024-10-28 15:44:39,Oakland,-8.74,35.31,4.33
2024-10-28 14:44:39,Oakland,-3.28,79.59,5.99
2024-10-28 13:44:39,Oakland,14.98,44.26,16.86
2024-10-28 12:44:39,Oakland,5.17,82.25,18.09
2024-10-28 11:44:39,Oakland,28.88,62.77,17.3
2024-10-28 10:44:39,Oakland,23.68,79.83,6.6
2024-10-28 09:44:39,Oakland,13.22,56.3,1.25
2024-10-28 08:44:39,Oakland,0.72,60.88,2.19
2024-10-28 07:44:39,Oakland,39.32,80.46,11.93
2024-10-28 06:44:39,Oakland,-3.11,25.44,7.2
2024-10-28 05:44:39,Oakland,8.85,95.34,19.74
2024-10-28 04:44:39,Oakland,6.57,14.05,4.98
2024-10-28 03:44:39,Oakland,11.75,61.49,18.71
2024-10-28 02:44:39,Oakland,30.68,28.83,16.56
2024-10-28 01:44:39,Oakland,24.93,85.46,17.04
2024-10-28 00:44:39,Oakland,26.93,31.89,4.03
2024-10-27 23:44:39,Oakland,38.15,78.82,12.53
2024-10-27 22:44:39,Oakland,5.73,42.72,5.04
2024-10-27 21:44:39,Oakland,-7.58,74.34,17.87
2024-10-27 20:44:39,Oakland,13.76,74.2,12.37
2024-10-27 19:44:39,Oakland,25.65,93.7,6.9
2024-10-27 18:44:39,Oakland,-7.65,57.03,15.62
2024-10-27 17:44:39,Oakland,-4.27,26.56,19.32
2024-10-27 16:44:39,Oakland,29.58,54.43,5.67
2024-10-27 15:44:39,Oakland,20.52,86.99,18.45
2024-10-27 14:44:39,Oakland,8.61,88.72,13.78
2024-10-27 13:44:39,Oakland,28.25,14.88,9.43
2024-10-27 12:44:39,Oakland,32.76,45.2,11.52
2024-10-27 11:44:39,Oakland,-7.34,78.83,13.82
2024-10-27 10:44:39,Oakland,39.49,26.98,0.62
2024-10-27 09:44:39,Oakland,29.27,60.23,1.47
2024-10-27 08:44:39,Oakland,21.17,20.9,7.86
2024-10-27 07:44:39,Oakland,-1.31,79.13,7.25
2024-10-27 06:44:39,Oakland,31.29,19.64,5.35
2024-10-27 05:44:39,Oakland,-5.43,27.24,15.62
2024-10-27 04:44:39,Oakland,-6.98,62.54,3.76
2024-10-27 03:44:39,Oakland,21.53,64.15,12.78
2024-10-27 02:44:39,Oakland,4.33,50.04,14.83
2024-10-27 01:44:39,Oakland,31.81,54.99,9.47
2024-10-27 00:44:39,Oakland,19.7,51.33,5.81
2024-10-26 23:44:39,Oakland,-9.52,81.96,17.41
2024-10-26 22:44:39,Oakland,-3.69,98.49,1.63
2024-10-26 21:44:39,Oakland,-6.9,27.75,6.64
2024-10-26 20:44:39,Oakland,33.61,51.76,19.76
2024-10-30 23:44:39,San Francisco,17.72,40.04,12.98
2024-10-30 22:44:39,San Francisco,13.34,61.13,5.17
2024-10-30 21:44:39,San Francisco,4.55,41.62,6.03
2024-10-30 20:44:39,San Francisco,37.88,30.14,2.26
2024-10-30 19:44:39,San Francisco,33.66,14.5,10.58
2024-10-30 18:44:39,San Francisco,33.03,49.73,3.37
2024-10-30 17:44:39,San Francisco,9.07,46.34,0.98
2024-10-30 16:44:39,San Francisco,9.53,46.79,10.97
2024-10-30 15:44:39,San Francisco,26.43,60.25,12.72
2024-10-30 14:44:39,San Francisco,37.01,66.77,11.95
2024-10-30 13:44:39,San Francisco,20.53,56.6,16.33
2024-10-30 12:44:39,San Francisco,35.83,89.7,14.4
2024-10-30 11:44:39,San Francisco,-7.62,22.73,11.4
2024-10-30 10:44:39,San Francisco,-5.31,37.66,3.19
2024-10-30 09:44:39,San Francisco,28.14,73.28,7.73
2024-10-30 08:44:39,San Francisco,32.24,28.08,2.83
2024-10-30 07:44:39,San Francisco,-2.97,80.27,0.49
2024-10-30 06:44:39,San Francisco,11.53,10.12,15.18
2024-10-30 05:44:39,San Francisco,1.22,77.8,15.53
2024-10-30 04:44:39,San Francisco,17.04,67.67,1.76
2024-10-30 03:44:39,San Francisco,35.07,31.52,10.05
2024-10-30 02:44:39,San Francisco,30.19,97.61,0.38
2024-10-30 01:44:39,San Francisco,25.93,92.62,3.6
2024-10-30 00:44:39,San Francisco,30.47,43.47,13.61
2024-10-29 23:44:39,San Francisco,5.74,92.93,4.55
2024-10-29 22:44:39,San Francisco,-9.43,99.45,10.05
2024-10-29 21:44:39,San Francisco,9.78,81.45,18.75
2024-10-29 20:44:39,San Francisco,31.89,34.33,10.06
2024-10-29 19:44:39,San Francisco,-9.12,36.3,19.69
2024-10-29 18:44:39,San Francisco,12.13,79.41,7.65
2024-10-29 17:44:39,San Francisco,3.03,24.3,13.42
2024-10-29 16:44:39,San Francisco,17.67,45.37,15.48
2024-10-29 15:44:39,San Francisco,10.12,93.39,12.06
2024-10-29 14:44:39,San Francisco,19.66,56.22,7.17
2024-10-29 13:44:39,San Francisco,25.27,82.11,19.67
2024-10-29 12:44:39,San Francisco,7.15,41.39,17.71
2024-10-29 11:44:39,San Francisco,26.67,96.67,12.98
2024-10-29 10:44:39,San Francisco,19.22,17.97,4.9
2024-10-29 09:44:39,San Francisco,18.35,18.77,6.84
2024-10-29 08:44:39,San Francisco,21.74,17.89,0.64
2024-10-29 07:44:39,San Francisco,6.84,99.4,0.13
2024-10-29 06:44:39,San Francisco,22.39,29.04,10.03
2024-10-29 05:44:39,San Francisco,19.12,48.54,9.07
2024-10-29 04:44:39,San Francisco,2.25,12.6,4.82
2024-10-29 03:44:39,San Francisco,-1.0,41.16,12.96
2024-10-29 02:44:39,San Francisco,17.28,94.25,9.5
2024-10-29 01:44:39,San Francisco,-2.46,96.6,14.7
2024-10-29 00:44:39,San Francisco,28.36,52.47,19.46
2024-10-28 23:44:39,San Francisco,30.45,20.14,4.81
2024-10-28 22:44:39,San Francisco,-8.66,29.99,16.95
2024-10-28 21:44:39,San Francisco,10.04,78.97,3.77
2024-10-28 20:44:39,San Francisco,-8.85,47.51,0.64
2024-10-28 19:44:39,San Francisco,6.8,83.96,3.11
2024-10-28 18:44:39,San Francisco,36.01,66.45,16.27
2024-10-28 17:44:39,San Francisco,11.59,28.72,12.08
2024-10-28 16:44:39,San Francisco,13.0,12.39,12.72
2024-10-28 15:44:39,San Francisco,16.86,76.02,4.23
2024-10-28 14:44:39,San Francisco,36.45,76.58,14.31
2024-10-28 13:44:39,San Francisco,14.68,31.1,1.3
2024-10-28 12:44:39,San Francisco,-1.18,93.77,18.02
2024-10-28 11:44:39,San Francisco,26.93,55.0,13.45
2024-10-28 10:44:39,San Francisco,37.78,64.81,14.88
2024-10-28 09:44:39,San Francisco,7.25,11.19,2.39
2024-10-28 08:44:39,San Francisco,18.21,32.54,0.95
2024-10-28 07:44:39,San Francisco,29.24,70.24,5.98
2024-10-28 06:44:39,San Francisco,29.97,49.75,1.97
2024-10-28 05:44:39,San Francisco,16.23,22.85,14.09
2024-10-28 04:44:39,San Francisco,1.36,24.19,6.83
2024-10-28 03:44:39,San Francisco,-1.1,25.67,13.85
2024-10-28 02:44:39,San Francisco,-7.26,77.66,17.7
2024-10-28 01:44:39,San Francisco,15.2,45.48,15.06
2024-10-28 00:44:39,San Francisco,14.58,88.84,1.57
2024-10-27 23:44:39,San Francisco,19.26,85.95,19.17
2024-10-27 22:44:39,San Francisco,28.98,24.61,0.94
2024-10-27 21:44:39,San Francisco,34.35,14.33,16.2
2024-10-27 20:44:39,San Francisco,31.51,64.54,6.87
2024-10-27 19:44:39,San Francisco,10.59,55.69,1.59
2024-10-27 18:44:39,San Francisco,-2.03,20.33,4.67
2024-10-27 17:44:39,San Francisco,23.76,38.76,5.56
2024-10-27 16:44:39,San Francisco,3.62,61.36,4.67
2024-10-27 15:44:39,San Francisco,32.69,82.89,14.37
2024-10-27 14:44:39,San Francisco,4.69,26.61,2.26
2024-10-27 13:44:39,San Francisco,23.14,39.44,10.0
2024-10-27 12:44:39,San Francisco,31.45,18.24,18.15
2024-10-27 11:44:39,San Francisco,17.63,97.21,0.2
2024-10-27 10:44:39,San Francisco,33.13,82.07,18.59
2024-10-27 09:44:39,San Francisco,20.25,66.07,3.5
2024-10-27 08:44:39,San Francisco,30.33,41.11,18.81
2024-10-27 07:44:39,San Francisco,29.43,11.57,10.37
2024-10-27 06:44:39,San Francisco,0.28,71.08,10.77
2024-10-27 05:44:39,San Francisco,37.15,18.27,5.04
2024-10-27 04:44:39,San Francisco,36.92,98.41,3.36
2024-10-27 03:44:39,San Francisco,-5.59,43.4,1.0
2024-10-27 02:44:39,San Francisco,24.99,26.86,18.29
2024-10-27 01:44:39,San Francisco,5.81,44.12,14.39
2024-10-27 00:44:39,San Francisco,21.89,66.24,0.75
2024-10-26 23:44:39,San Francisco,0.03,81.14,3.88
2024-10-26 22:44:39,San Francisco,34.53,46.23,17.37
2024-10-26 21:44:39,San Francisco,37.15,42.98,2.19
2024-10-26 20:44:39,San Francisco,14.49,58.25,3.83
2024-10-30 23:44:39,Redwood City,10.42,62.12,4.36
2024-10-30 22:44:39,Redwood City,3.43,80.72,1.95
2024-10-30 21:44:39,Redwood City,39.43,87.25,8.43
2024-10-30 20:44:39,Redwood City,17.18,97.94,18.44
2024-10-30 19:44:39,Redwood City,29.45,46.13,0.11
2024-10-30 18:44:39,Redwood City,-0.85,27.71,10.44
2024-10-30 17:44:39,Redwood City,22.75,13.57,9.13
2024-10-30 16:44:39,Redwood City,0.19,20.59,2.62
2024-10-30 15:44:39,Redwood City,-6.93,79.5,14.25
2024-10-30 14:44:39,Redwood City,36.59,19.14,16.74
2024-10-30 13:44:39,Redwood City,10.54,45.85,6.56
2024-10-30 12:44:39,Redwood City,-3.27,36.79,19.4
2024-10-30 11:44:39,Redwood City,2.44,68.39,2.2
2024-10-30 10:44:39,Redwood City,9.33,60.69,17.63
2024-10-30 09:44:39,Redwood City,-3.38,45.2,4.36
2024-10-30 08:44:39,Redwood City,35.42,70.78,4.71
2024-10-30 07:44:39,Redwood City,20.32,70.69,17.98
2024-10-30 06:44:39,Redwood City,39.89,50.06,4.14
2024-10-30 05:44:39,Redwood City,12.9,20.72,1.25
2024-10-30 04:44:39,Redwood City,-1.36,75.55,3.69
2024-10-30 03:44:39,Redwood City,18.34,92.78,2.15
2024-10-30 02:44:39,Redwood City,38.15,14.96,0.41
2024-10-30 01:44:39,Redwood City,39.45,70.31,7.23
2024-10-30 00:44:39,Redwood City,23.66,76.14,13.01
2024-10-29 23:44:39,Redwood City,6.55,31.47,0.2
2024-10-29 22:44:39,Redwood City,22.51,12.01,12.2
2024-10-29 21:44:39,Redwood City,38.02,72.14,18.33
2024-10-29 20:44:39,Redwood City,16.1,42.71,13.41
2024-10-29 19:44:39,Redwood City,16.49,93.36,5.5
2024-10-29 18:44:39,Redwood City,23.53,44.73,7.2
2024-10-29 17:44:39,Redwood City,31.54,27.83,5.71
2024-10-29 16:44:39,Redwood City,25.65,18.17,1.43
2024-10-29 15:44:39,Redwood City,0.71,31.18,2.95
2024-10-29 14:44:39,Redwood City,-1.71,22.59,18.31
2024-10-29 13:44:39,Redwood City,-4.04,63.04,11.56
2024-10-29 12:44:39,Redwood City,9.02,38.87,6.19
2024-10-29 11:44:39,Redwood City,5.39,28.82,4.27
2024-10-29 10:44:39,Redwood City,29.28,54.14,6.42
2024-10-29 09:44:39,Redwood City,4.76,77.34,6.54
2024-10-29 08:44:39,Redwood City,-7.52,89.63,16.35
2024-10-29 07:44:39,Redwood City,35.72,78.34,2.9
2024-10-29 06:44:39,Redwood City,38.91,28.59,3.7
2024-10-29 05:44:39,Redwood City,1.19,14.14,13.92
2024-10-29 04:44:39,Redwood City,5.72,73.66,3.54
2024-10-29 03:44:39,Redwood City,35.71,54.99,3.63
2024-10-29 02:44:39,Redwood City,27.15,57.46,18.43
2024-10-29 01:44:39,Redwood City,14.93,64.94,13.18
2024-10-29 00:44:39,Redwood City,19.92,25.33,13.17
2024-10-28 23:44:39,Redwood City,2.07,89.91,9.65
2024-10-28 22:44:39,Redwood City,39.38,54.31,12.81
2024-10-28 21:44:39,Redwood City,30.99,82.27,9.67
2024-10-28 20:44:39,Redwood City,17.63,41.99,17.39
2024-10-28 19:44:39,Redwood City,13.51,52.65,8.55
2024-10-28 18:44:39,Redwood City,38.28,66.66,3.93
2024-10-28 17:44:39,Redwood City,10.22,73.48,11.98
2024-10-28 16:44:39,Redwood City,-3.86,20.61,14.13
2024-10-28 15:44:39,Redwood City,-0.59,18.77,10.78
2024-10-28 14:44:39,Redwood City,16.35,35.06,15.53
2024-10-28 13:44:39,Redwood City,4.84,88.61,15.27
2024-10-28 12:44:39,Redwood City,21.98,40.26,12.63
2024-10-28 11:44:39,Redwood City,23.5,93.12,2.86
2024-10-28 10:44:39,Redwood City,15.31,56.84,16.38
2024-10-28 09:44:39,Redwood City,17.2,47.74,13.17
2024-10-28 08:44:39,Redwood City,16.04,31.66,11.96
2024-10-28 07:44:39,Redwood City,23.38,30.21,11.54
2024-10-28 06:44:39,Redwood City,0.68,11.56,12.73
2024-10-28 05:44:39,Redwood City,28.69,98.22,3.1
2024-10-28 04:44:39,Redwood City,39.96,17.56,7.13
2024-10-28 03:44:39,Redwood City,37.14,74.53,15.52
2024-10-28 02:44:39,Redwood City,12.22,69.63,6.67
2024-10-28 01:44:39,Redwood City,28.63,76.0,0.95
2024-10-28 00:44:39,Redwood City,21.02,50.5,0.05
2024-10-27 23:44:39,Redwood City,2.61,91.76,2.83
2024-10-27 22:44:39,Redwood City,-6.49,91.91,12.59
2024-10-27 21:44:39,Redwood City,13.48,11.39,7.36
2024-10-27 20:44:39,Redwood City,30.23,47.64,12.79
2024-10-27 19:44:39,Redwood City,2.91,52.22,12.23
2024-10-27 18:44:39,Redwood City,28.58,98.86,5.02
2024-10-27 17:44:39,Redwood City,30.37,47.87,2.97
2024-10-27 16:44:39,Redwood City,13.73,66.72,15.06
2024-10-27 15:44:39,Redwood City,18.15,65.84,6.83
2024-10-27 14:44:39,Redwood City,34.79,11.48,8.53
2024-10-27 13:44:39,Redwood City,21.12,95.91,13.69
2024-10-27 12:44:39,Redwood City,14.3,42.56,0.1
2024-10-27 11:44:39,Redwood City,15.49,96.62,8.22
2024-10-27 10:44:39,Redwood City,3.0,39.81,7.0
2024-10-27 09:44:39,Redwood City,38.5,72.14,0.18
2024-10-27 08:44:39,Redwood City,-9.17,18.88,8.08
2024-10-27 07:44:39,Redwood City,-5.31,72.2,18.22
2024-10-27 06:44:39,Redwood City,20.9,89.42,13.92
2024-10-27 05:44:39,Redwood City,35.61,80.9,16.72
2024-10-27 04:44:39,Redwood City,14.19,89.83,11.68
2024-10-27 03:44:39,Redwood City,13.31,56.86,15.55
2024-10-27 02:44:39,Redwood City,-6.41,24.05,3.02
2024-10-27 01:44:39,Redwood City,37.87,12.25,14.56
2024-10-27 00:44:39,Redwood City,1.23,26.69,16.92
2024-10-26 23:44:39,Redwood City,1.95,62.88,15.0
2024-10-26 22:44:39,Redwood City,39.95,75.64,9.47
2024-10-26 21:44:39,Redwood City,35.0,45.23,15.28
2024-10-26 20:44:39,Redwood City,8.1,64.09,10.67
2024-10-30 23:44:39,Berkeley,18.04,41.43,9.58
2024-10-30 22:44:39,Berkeley,11.21,80.67,16.45
2024-10-30 21:44:39,Berkeley,23.65,67.89,18.99
2024-10-30 20:44:39,Berkeley,36.57,97.61,18.64
2024-10-30 19:44:39,Berkeley,27.9,35.2,4.54
2024-10-30 18:44:39,Berkeley,15.27,54.97,3.53
2024-10-30 17:44:39,Berkeley,7.28,27.31,16.47
2024-10-30 16:44:39,Berkeley,31.55,97.26,15.49
2024-10-30 15:44:39,Berkeley,30.03,30.49,5.42
2024-10-30 14:44:39,Berkeley,24.38,40.52,1.84
2024-10-30 13:44:39,Berkeley,32.42,71.98,2.11
2024-10-30 12:44:39,Berkeley,21.62,39.78,8.0
2024-10-30 11:44:39,Berkeley,39.63,52.51,14.08
2024-10-30 10:44:39,Berkeley,1.56,40.57,8.56
2024-10-30 09:44:39,Berkeley,16.44,13.44,7.38
2024-10-30 08:44:39,Berkeley,12.66,21.09,4.32
2024-10-30 07:44:39,Berkeley,20.39,31.81,6.09
2024-10-30 06:44:39,Berkeley,19.28,97.18,10.66
2024-10-30 05:44:39,Berkeley,-2.83,93.44,12.32
2024-10-30 04:44:39,Berkeley,26.69,98.54,4.83
2024-10-30 03:44:39,Berkeley,32.32,15.2,4.15
2024-10-30 02:44:39,Berkeley,15.34,91.92,6.04
2024-10-30 01:44:39,Berkeley,3.9,89.05,10.29
2024-10-30 00:44:39,Berkeley,22.69,84.83,0.67
2024-10-29 23:44:39,Berkeley,-6.15,92.05,13.28
2024-10-29 22:44:39,Berkeley,14.9,75.97,18.8
2024-10-29 21:44:39,Berkeley,24.39,77.69,6.85
2024-10-29 20:44:39,Berkeley,36.2,16.67,16.68
2024-10-29 19:44:39,Berkeley,1.19,96.99,12.22
2024-10-29 18:44:39,Berkeley,38.24,85.18,5.34
2024-10-29 17:44:39,Berkeley,36.18,66.16,8.47
2024-10-29 16:44:39,Berkeley,1.04,98.83,9.62
2024-10-29 15:44:39,Berkeley,29.31,57.81,7.92
2024-10-29 14:44:39,Berkeley,18.85,17.67,18.33
2024-10-29 13:44:39,Berkeley,5.65,72.52,11.01
2024-10-29 12:44:39,Berkeley,-0.93,78.65,6.54
2024-10-29 11:44:39,Berkeley,-6.76,37.44,17.08
2024-10-29 10:44:39,Berkeley,8.79,80.94,7.48
2024-10-29 09:44:39,Berkeley,-7.72,96.14,14.22
2024-10-29 08:44:39,Berkeley,39.42,12.33,13.04
2024-10-29 07:44:39,Berkeley,38.26,49.93,3.83
2024-10-29 06:44:39,Berkeley,5.57,17.16,18.77
2024-10-29 05:44:39,Berkeley,9.36,92.25,12.84
2024-10-29 04:44:39,Berkeley,27.2,14.11,6.97
2024-10-29 03:44:39,Berkeley,1.85,85.12,9.89
2024-10-29 02:44:39,Berkeley,-1.19,81.42,0.56
2024-10-29 01:44:39,Berkeley,-9.78,11.84,2.23
2024-10-29 00:44:39,Berkeley,7.89,89.29,18.56
2024-10-28 23:44:39,Berkeley,25.3,74.17,9.31
2024-10-28 22:44:39,Berkeley,14.42,45.1,20.0
2024-10-28 21:44:39,Berkeley,0.58,92.46,5.55
2024-10-28 20:44:39,Berkeley,36.31,64.68,5.2
2024-10-28 19:44:39,Berkeley,35.28,98.81,11.33
2024-10-28 18:44:39,Berkeley,3.34,77.4,3.27
2024-10-28 17:44:39,Berkeley,25.01,88.54,4.17
2024-10-28 16:44:39,Berkeley,11.41,72.09,10.85
2024-10-28 15:44:39,Berkeley,9.93,11.01,12.92
2024-10-28 14:44:39,Berkeley,3.09,85.36,1.58
2024-10-28 13:44:39,Berkeley,9.85,75.11,6.99
2024-10-28 12:44:39,Berkeley,31.23,93.98,11.73
2024-10-28 11:44:39,Berkeley,28.74,90.13,11.51
2024-10-28 10:44:39,Berkeley,-1.03,57.45,14.12
2024-10-28 09:44:39,Berkeley,33.1,97.19,16.22
2024-10-28 08:44:39,Berkeley,-1.94,32.33,6.0
2024-10-28 07:44:39,Berkeley,9.18,90.83,18.67
2024-10-28 06:44:39,Berkeley,12.23,53.04,0.3
2024-10-28 05:44:39,Berkeley,13.99,15.95,6.23
2024-10-28 04:44:39,Berkeley,36.11,62.61,17.25
2024-10-28 03:44:39,Berkeley,18.0,44.79,17.43
2024-10-28 02:44:39,Berkeley,-7.06,84.99,16.97
2024-10-28 01:44:39,Berkeley,17.46,26.78,9.05
2024-10-28 00:44:39,Berkeley,-0.03,98.68,15.37
2024-10-27 23:44:39,Berkeley,5.48,96.5,5.43
2024-10-27 22:44:39,Berkeley,7.65,79.69,17.92
2024-10-27 21:44:39,Berkeley,12.13,15.65,2.22
2024-10-27 20:44:39,Berkeley,31.76,19.72,13.68
2024-10-27 19:44:39,Berkeley,-6.6,26.56,14.84
2024-10-27 18:44:39,Berkeley,32.59,20.61,16.39
2024-10-27 17:44:39,Berkeley,-7.36,58.23,4.01
2024-10-27 16:44:39,Berkeley,11.86,22.54,9.08
2024-10-27 15:44:39,Berkeley,9.93,19.34,13.55
2024-10-27 14:44:39,Berkeley,9.95,20.53,7.93
2024-10-27 13:44:39,Berkeley,34.26,54.01,4.27
2024-10-27 12:44:39,Berkeley,21.69,95.54,2.07
2024-10-27 11:44:39,Berkeley,-9.27,75.45,14.16
2024-10-27 10:44:39,Berkeley,7.24,32.01,13.83
2024-10-27 09:44:39,Berkeley,10.1,21.74,18.63
2024-10-27 08:44:39,Berkeley,38.28,87.11,6.02
2024-10-27 07:44:39,Berkeley,10.68,60.23,6.83
2024-10-27 06:44:39,Berkeley,-3.16,86.2,1.11
2024-10-27 05:44:39,Berkeley,5.12,83.24,15.24
2024-10-27 04:44:39,Berkeley,31.04,96.77,5.85
2024-10-27 03:44:39,Berkeley,4.05,26.32,2.82
2024-10-27 02:44:39,Berkeley,18.11,70.81,1.04
2024-10-27 01:44:39,Berkeley,10.47,10.99,7.43
2024-10-27 00:44:39,Berkeley,37.69,31.84,19.44
2024-10-26 23:44:39,Berkeley,23.9,61.74,10.58
2024-10-26 22:44:39,Berkeley,26.0,14.06,4.83
2024-10-26 21:44:39,Berkeley,10.03,66.07,6.89
2024-10-26 20:44:39,Berkeley,7.23,79.12,5.59
2024-10-30 23:44:39,Vallejo,3.08,44.96,17.32
2024-10-30 22:44:39,Vallejo,-8.35,45.69,2.78
2024-10-30 21:44:39,Vallejo,-7.38,25.48,9.09
2024-10-30 20:44:39,Vallejo,33.92,16.65,12.35
2024-10-30 19:44:39,Vallejo,17.8,85.33,15.99
2024-10-30 18:44:39,Vallejo,29.28,31.76,14.12
2024-10-30 17:44:39,Vallejo,19.89,17.55,17.88
2024-10-30 16:44:39,Vallejo,-0.17,77.83,2.64
2024-10-30 15:44:39,Vallejo,7.46,41.75,9.45
2024-10-30 14:44:39,Vallejo,11.5,87.1,15.26
2024-10-30 13:44:39,Vallejo,8.46,57.68,7.11
2024-10-30 12:44:39,Vallejo,10.95,45.3,9.88
2024-10-30 11:44:39,Vallejo,24.15,77.69,5.52
2024-10-30 10:44:39,Vallejo,9.73,15.33,19.61
2024-10-30 09:44:39,Vallejo,22.77,40.86,11.57
2024-10-30 08:44:39,Vallejo,35.86,79.69,16.5
2024-10-30 07:44:39,Vallejo,27.04,84.77,8.12
2024-10-30 06:44:39,Vallejo,27.32,86.64,3.78
2024-10-30 05:44:39,Vallejo,33.03,79.79,15.88
2024-10-30 04:44:39,Vallejo,-0.6,58.97,15.11
2024-10-30 03:44:39,Vallejo,14.0,55.75,8.46
2024-10-30 02:44:39,Vallejo,36.64,58.87,12.19
2024-10-30 01:44:39,Vallejo,25.68,75.03,8.44
2024-10-30 00:44:39,Vallejo,15.83,20.46,17.06
2024-10-29 23:44:39,Vallejo,26.55,77.42,16.57
2024-10-29 22:44:39,Vallejo,3.18,23.44,4.12
2024-10-29 21:44:39,Vallejo,-6.21,71.14,17.68
2024-10-29 20:44:39,Vallejo,-1.63,56.88,2.46
2024-10-29 19:44:39,Vallejo,-3.05,24.41,4.3
2024-10-29 18:44:39,Vallejo,-0.59,65.69,5.98
2024-10-29 17:44:39,Vallejo,27.7,52.93,13.98
2024-10-29 16:44:39,Vallejo,31.07,99.56,19.94
2024-10-29 15:44:39,Vallejo,25.78,31.75,6.4
2024-10-29 14:44:39,Vallejo,-6.95,25.93,9.11
2024-10-29 13:44:39,Vallejo,24.83,32.91,12.07
2024-10-29 12:44:39,Vallejo,36.22,25.66,9.38
2024-10-29 11:44:39,Vallejo,-6.81,11.79,15.65
2024-10-29 10:44:39,Vallejo,-5.03,82.91,13.15
2024-10-29 09:44:39,Vallejo,32.47,71.26,8.17
2024-10-29 08:44:39,Vallejo,28.22,24.99,1.31
2024-10-29 07:44:39,Vallejo,37.72,95.44,19.34
2024-10-29 06:44:39,Vallejo,13.45,80.8,6.21
2024-10-29 05:44:39,Vallejo,23.74,39.65,4.44
2024-10-29 04:44:39,Vallejo,1.64,67.53,0.24
2024-10-29 03:44:39,Vallejo,38.94,42.51,1.9
2024-10-29 02:44:39,Vallejo,-8.5,73.75,12.5
2024-10-29 01:44:39,Vallejo,18.83,40.24,10.48
2024-10-29 00:44:39,Vallejo,35.29,73.04,13.06
2024-10-28 23:44:39,Vallejo,7.0,35.08,13.74
2024-10-28 22:44:39,Vallejo,-0.47,97.81,15.29
2024-10-28 21:44:39,Vallejo,10.49,86.55,14.53
2024-10-28 20:44:39,Vallejo,31.95,93.57,12.78
2024-10-28 19:44:39,Vallejo,30.77,70.71,10.93
2024-10-28 18:44:39,Vallejo,23.45,26.08,12.25
2024-10-28 17:44:39,Vallejo,4.08,85.21,16.03
2024-10-28 16:44:39,Vallejo,26.85,26.9,3.69
2024-10-28 15:44:39,Vallejo,39.64,31.21,11.32
2024-10-28 14:44:39,Vallejo,30.39,15.22,13.9
2024-10-28 13:44:39,Vallejo,-4.73,71.0,4.35
2024-10-28 12:44:39,Vallejo,24.02,83.74,1.96
2024-10-28 11:44:39,Vallejo,25.31,33.56,4.62
2024-10-28 10:44:39,Vallejo,34.99,95.34,11.78
2024-10-28 09:44:39,Vallejo,-7.68,73.52,4.06
2024-10-28 08:44:39,Vallejo,-6.45,41.25,17.49
2024-10-28 07:44:39,Vallejo,-2.84,51.13,13.19
2024-10-28 06:44:39,Vallejo,27.52,94.97,9.55
2024-10-28 05:44:39,Vallejo,32.01,35.24,7.22
2024-10-28 04:44:39,Vallejo,33.74,61.28,6.28
2024-10-28 03:44:39,Vallejo,-2.74,12.77,14.97
2024-10-28 02:44:39,Vallejo,21.43,24.6,19.64
2024-10-28 01:44:39,Vallejo,35.6,13.27,19.13
2024-10-28 00:44:39,Vallejo,17.55,88.33,3.95
2024-10-27 23:44:39,Vallejo,1.99,48.83,15.56
2024-10-27 22:44:39,Vallejo,7.01,43.21,1.2
2024-10-27 21:44:39,Vallejo,27.71,92.05,6.54
2024-10-27 20:44:39,Vallejo,35.01,61.97,10.61
2024-10-27 19:44:39,Vallejo,34.58,20.17,15.19
2024-10-27 18:44:39,Vallejo,36.17,80.85,5.77
2024-10-27 17:44:39,Vallejo,27.82,11.89,14.56
2024-10-27 16:44:39,Vallejo,0.13,56.28,9.11
2024-10-27 15:44:39,Vallejo,8.63,42.65,13.23
2024-10-27 14:44:39,Vallejo,24.13,80.06,17.1
2024-10-27 13:44:39,Vallejo,10.46,81.88,15.86
2024-10-27 12:44:39,Vallejo,5.82,86.73,15.59
2024-10-27 11:44:39,Vallejo,21.08,19.85,16.35
2024-10-27 10:44:39,Vallejo,-3.35,15.15,19.35
2024-10-27 09:44:39,Vallejo,11.15,86.2,12.88
2024-10-27 08:44:39,Vallejo,24.16,35.93,9.47
2024-10-27 07:44:39,Vallejo,27.61,57.98,5.54
2024-10-27 06:44:39,Vallejo,33.43,81.12,13.2
2024-10-27 05:44:39,Vallejo,-5.23,64.15,16.15
2024-10-27 04:44:39,Vallejo,8.41,24.13,5.19
2024-10-27 03:44:39,Vallejo,2.23,56.33,11.91
2024-10-27 02:44:39,Vallejo,2.68,15.86,10.57
2024-10-27 01:44:39,Vallejo,5.05,64.29,4.47
2024-10-27 00:44:39,Vallejo,10.19,60.51,7.93
2024-10-26 23:44:39,Vallejo,15.89,95.53,15.17
2024-10-26 22:44:39,Vallejo,-0.65,69.84,12.74
2024-10-26 21:44:39,Vallejo,32.72,75.89,6.19
2024-10-26 20:44:39,Vallejo,6.34,52.87,7.14
2024-10-30 23:44:39,Gilroy,26.07,52.87,16.25
2024-10-30 22:44:39,Gilroy,28.61,65.18,2.57
2024-10-30 21:44:39,Gilroy,18.48,97.79,17.87
2024-10-30 20:44:39,Gilroy,3.95,98.98,18.95
2024-10-30 19:44:39,Gilroy,11.96,86.41,12.24
2024-10-30 18:44:39,Gilroy,11.9,75.49,4.91
2024-10-30 17:44:39,Gilroy,39.34,20.26,4.8
2024-10-30 16:44:39,Gilroy,26.38,92.95,8.73
2024-10-30 15:44:39,Gilroy,38.0,76.04,13.11
2024-10-30 14:44:39,Gilroy,21.83,55.57,10.6
2024-10-30 13:44:39,Gilroy,37.03,61.16,7.11
2024-10-30 12:44:39,Gilroy,-0.62,13.14,7.25
2024-10-30 11:44:39,Gilroy,38.86,72.66,12.06
2024-10-30 10:44:39,Gilroy,-8.79,88.95,19.18
2024-10-30 09:44:39,Gilroy,32.75,84.54,18.52
2024-10-30 08:44:39,Gilroy,-7.02,41.24,2.82
2024-10-30 07:44:39,Gilroy,1.94,25.14,11.31
2024-10-30 06:44:39,Gilroy,9.63,89.64,3.98
2024-10-30 05:44:39,Gilroy,27.68,67.28,5.93
2024-10-30 04:44:39,Gilroy,25.33,11.09,12.06
2024-10-30 03:44:39,Gilroy,-2.24,38.63,3.56
2024-10-30 02:44:39,Gilroy,2.29,10.17,18.41
2024-10-30 01:44:39,Gilroy,-5.43,18.55,9.84
2024-10-30 00:44:39,Gilroy,14.51,21.28,11.91
2024-10-29 23:44:39,Gilroy,37.29,85.21,9.83
2024-10-29 22:44:39,Gilroy,23.41,96.57,16.39
2024-10-29 21:44:39,Gilroy,3.01,24.42,4.91
2024-10-29 20:44:39,Gilroy,20.91,27.89,12.76
2024-10-29 19:44:39,Gilroy,-0.84,70.14,14.59
2024-10-29 18:44:39,Gilroy,38.17,89.47,19.42
2024-10-29 17:44:39,Gilroy,7.03,25.44,10.39
2024-10-29 16:44:39,Gilroy,4.8,47.58,7.11
2024-10-29 15:44:39,Gilroy,14.33,10.59,11.45
2024-10-29 14:44:39,Gilroy,-6.17,58.11,11.24
2024-10-29 13:44:39,Gilroy,19.64,51.1,1.16
2024-10-29 12:44:39,Gilroy,10.39,31.53,16.7
2024-10-29 11:44:39,Gilroy,27.93,52.57,9.16
2024-10-29 10:44:39,Gilroy,16.26,29.16,1.27
2024-10-29 09:44:39,Gilroy,19.47,98.28,11.52
2024-10-29 08:44:39,Gilroy,31.55,43.92,9.11
2024-10-29 07:44:39,Gilroy,18.97,41.0,2.63
2024-10-29 06:44:39,Gilroy,14.11,95.23,5.86
2024-10-29 05:44:39,Gilroy,11.96,93.98,14.37
2024-10-29 04:44:39,Gilroy,25.4,98.7,3.06
2024-10-29 03:44:39,Gilroy,34.09,94.85,2.87
2024-10-29 02:44:39,Gilroy,38.49,61.74,19.4
2024-10-29 01:44:39,Gilroy,-6.67,80.32,1.31
2024-10-29 00:44:39,Gilroy,29.01,85.14,10.79
2024-10-28 23:44:39,Gilroy,29.38,62.4,4.63
2024-10-28 22:44:39,Gilroy,22.92,30.16,13.78
2024-10-28 21:44:39,Gilroy,34.56,28.59,10.29
2024-10-28 20:44:39,Gilroy,-6.13,38.88,3.77
2024-10-28 19:44:39,Gilroy,-0.92,98.31,7.11
2024-10-28 18:44:39,Gilroy,35.44,26.9,15.15
2024-10-28 17:44:39,Gilroy,25.82,14.54,6.62
2024-10-28 16:44:39,Gilroy,-9.52,71.05,19.94
2024-10-28 15:44:39,Gilroy,22.35,77.24,14.22
2024-10-28 14:44:39,Gilroy,24.75,22.51,2.91
2024-10-28 13:44:39,Gilroy,31.25,87.36,1.16
2024-10-28 12:44:39,Gilroy,13.84,59.58,3.61
2024-10-28 11:44:39,Gilroy,7.21,30.99,18.41
2024-10-28 10:44:39,Gilroy,17.44,31.69,9.51
2024-10-28 09:44:39,Gilroy,3.44,42.26,1.08
2024-10-28 08:44:39,Gilroy,11.97,89.77,3.73
2024-10-28 07:44:39,Gilroy,-2.28,98.84,3.06
2024-10-28 06:44:39,Gilroy,1.11,72.23,6.18
2024-10-28 05:44:39,Gilroy,-6.31,69.41,7.95
2024-10-28 04:44:39,Gilroy,-1.43,28.85,10.01
2024-10-28 03:44:39,Gilroy,0.4,69.21,15.41
2024-10-28 02:44:39,Gilroy,34.66,69.65,14.68
2024-10-28 01:44:39,Gilroy,26.07,33.65,5.93
2024-10-28 00:44:39,Gilroy,25.55,81.77,0.79
2024-10-27 23:44:39,Gilroy,-8.68,16.82,17.81
2024-10-27 22:44:39,Gilroy,19.96,97.91,16.17
2024-10-27 21:44:39,Gilroy,37.13,66.48,14.88
2024-10-27 20:44:39,Gilroy,-6.09,10.59,12.75
2024-10-27 19:44:39,Gilroy,28.71,57.29,9.34
2024-10-27 18:44:39,Gilroy,0.01,10.03,14.18
2024-10-27 17:44:39,Gilroy,-6.39,84.81,6.24
2024-10-27 16:44:39,Gilroy,-8.79,45.97,19.84
2024-10-27 15:44:39,Gilroy,0.95,21.98,15.08
2024-10-27 14:44:39,Gilroy,13.73,52.45,13.03
2024-10-27 13:44:39,Gilroy,18.46,22.1,15.8
2024-10-27 12:44:39,Gilroy,-1.37,71.71,11.88
2024-10-27 11:44:39,Gilroy,15.06,44.1,19.49
2024-10-27 10:44:39,Gilroy,13.25,99.9,15.93
2024-10-27 09:44:39,Gilroy,33.9,90.72,17.12
2024-10-27 08:44:39,Gilroy,26.68,94.91,10.46
2024-10-27 07:44:39,Gilroy,17.84,52.24,14.27
2024-10-27 06:44:39,Gilroy,21.14,19.55,11.98
2024-10-27 05:44:39,Gilroy,21.49,50.08,19.43
2024-10-27 04:44:39,Gilroy,1.09,90.59,15.12
2024-10-27 03:44:39,Gilroy,25.32,39.84,6.08
2024-10-27 02:44:39,Gilroy,20.72,10.61,10.49
2024-10-27 01:44:39,Gilroy,29.32,29.34,4.68
2024-10-27 00:44:39,Gilroy,13.98,40.88,8.79
2024-10-26 23:44:39,Gilroy,-4.81,16.0,5.17
2024-10-26 22:44:39,Gilroy,27.86,56.65,7.36
2024-10-26 21:44:39,Gilroy,28.83,20.05,18.4
2024-10-26 20:44:39,Gilroy,9.58,58.86,10.61