Timestamp,Location,OzoneLevel,FineParticulateMatter
2024-10-30 23:41:58,San Jose,45.81,80.65
2024-10-30 22:41:58,San Jose,37.71,76.2
2024-10-30 21:41:58,San Jose,91.08,61.93
2024-10-30 20:41:58,San Jose,67.17,92.15
2024-10-30 19:41:58,San Jose,6.02,98.4
2024-10-30 18:41:58,San Jose,84.95,10.84
2024-10-30 17:41:58,San Jose,168.73,28.83
2024-10-30 16:41:58,San Jose,133.69,49.58
2024-10-30 15:41:58,San Jose,136.95,68.78
2024-10-30 14:41:58,San Jose,174.72,0.55
2024-10-30 13:41:58,San Jose,39.56,50.73
2024-10-30 12:41:58,San Jose,96.79,25.38
2024-10-30 11:41:58,San Jose,161.82,48.29
2024-10-30 10:41:58,San Jose,104.32,7.59
2024-10-30 09:41:58,San Jose,97.38,76.36
2024-10-30 08:41:58,San Jose,170.17,28.29
2024-10-30 07:41:58,San Jose,121.57,6.66
2024-10-30 06:41:58,San Jose,97.84,54.65
2024-10-30 05:41:58,San Jose,114.07,31.67
2024-10-30 04:41:58,San Jose,18.7,95.67
2024-10-30 03:41:58,San Jose,64.33,68.95
2024-10-30 02:41:58,San Jose,124.69,78.09
2024-10-30 01:41:58,San Jose,167.43,6.5
2024-10-30 00:41:58,San Jose,38.99,45.09
2024-10-29 23:41:58,San Jose,24.96,42.46
2024-10-29 22:41:58,San Jose,58.66,92.76
2024-10-29 21:41:58,San Jose,26.61,63.79
2024-10-29 20:41:58,San Jose,9.94,16.79
2024-10-29 19:41:58,San Jose,88.85,58.5
2024-10-29 18:41:58,San Jose,149.55,81.41
2024-10-29 17:41:58,San Jose,112.79,20.51
2024-10-29 16:41:58,San Jose,175.14,60.86
2024-10-29 15:41:58,San Jose,146.66,6.48
2024-10-29 14:41:58,San Jose,72.74,24.49
2024-10-29 13:41:58,San Jose,17.71,90.97
2024-10-29 12:41:58,San Jose,49.26,76.6
2024-10-29 11:41:58,San Jose,107.91,28.45
2024-10-29 10:41:58,San Jose,58.93,58.88
2024-10-29 09:41:58,San Jose,173.13,1.95
2024-10-29 08:41:58,San Jose,159.85,84.91
2024-10-29 07:41:58,San Jose,52.12,15.15
2024-10-29 06:41:58,San Jose,160.1,1.48
2024-10-29 05:41:58,San Jose,173.21,22.39
2024-10-29 04:41:58,San Jose,137.02,74.41
2024-10-29 03:41:58,San Jose,31.05,17.97
2024-10-29 02:41:58,San Jose,111.27,87.59
2024-10-29 01:41:58,San Jose,120.66,31.46
2024-10-29 00:41:58,San Jose,6.98,18.57
2024-10-28 23:41:58,San Jose,78.65,17.88
2024-10-28 22:41:58,San Jose,8.54,38.25
2024-10-28 21:41:58,San Jose,81.38,32.62
2024-10-28 20:41:58,San Jose,115.7,97.67
2024-10-28 19:41:58,San Jose,169.33,24.32
2024-10-28 18:41:58,San Jose,171.13,43.48
2024-10-28 17:41:58,San Jose,94.75,42.93
2024-10-28 16:41:58,San Jose,117.1,6.95
2024-10-28 15:41:58,San Jose,43.7,27.56
2024-10-28 14:41:58,San Jose,90.42,75.57
2024-10-28 13:41:58,San Jose,155.97,45.17
2024-10-28 12:41:58,San Jose,140.15,20.57
2024-10-28 11:41:58,San Jose,171.52,56.91
2024-10-28 10:41:58,San Jose,46.93,58.52
2024-10-28 09:41:58,San Jose,0.16,51.99
2024-10-28 08:41:58,San Jose,50.46,44.76
2024-10-28 07:41:58,San Jose,122.27,10.05
2024-10-28 06:41:58,San Jose,44.24,2.86
2024-10-28 05:41:58,San Jose,126.12,81.71
2024-10-28 04:41:58,San Jose,45.64,33.41
2024-10-28 03:41:58,San Jose,139.92,41.95
2024-10-28 02:41:58,San Jose,21.14,91.85
2024-10-28 01:41:58,San Jose,28.59,44.87
2024-10-28 00:41:58,San Jose,31.15,54.32
2024-10-27 23:41:58,San Jose,176.26,14.58
2024-10-27 22:41:58,San Jose,89.4,37.39
2024-10-27 21:41:58,San Jose,90.05,27.72
2024-10-27 20:41:58,San Jose,2.67,65.59
2024-10-27 19:41:58,San Jose,122.09,23.77
2024-10-27 18:41:58,San Jose,171.58,16.73
2024-10-27 17:41:58,San Jose,157.6,55.69
2024-10-27 16:41:58,San Jose,4.06,42.7
2024-10-27 15:41:58,San Jose,158.24,84.91
2024-10-27 14:41:58,San Jose,109.86,59.79
2024-10-27 13:41:58,San Jose,83.28,8.44
2024-10-27 12:41:58,San Jose,17.77,26.75
2024-10-27 11:41:58,San Jose,27.65,44.53
2024-10-27 10:41:58,San Jose,166.56,38.04
2024-10-27 09:41:58,San Jose,84.82,76.73
2024-10-27 08:41:58,San Jose,132.67,76.59
2024-10-27 07:41:58,San Jose,73.05,27.31
2024-10-27 06:41:58,San Jose,67.81,99.44
2024-10-27 05:41:58,San Jose,104.49,57.2
2024-10-27 04:41:58,San Jose,61.96,55.2
2024-10-27 03:41:58,San Jose,13.56,35.47
2024-10-27 02:41:58,San Jose,102.3,6.24
2024-10-27 01:41:58,San Jose,10.11,64.4
2024-10-27 00:41:58,San Jose,125.84,5.21
2024-10-26 23:41:58,San Jose,129.17,35.05
2024-10-26 22:41:58,San Jose,170.91,27.7
2024-10-26 21:41:58,San Jose,126.14,41.57
2024-10-26 20:41:58,San Jose,162.56,92.4
2024-10-30 23:41:58,Fremont,102.28,71.4
2024-10-30 22:41:58,Fremont,116.0,27.69
2024-10-30 21:41:58,Fremont,158.58,56.44
2024-10-30 20:41:58,Fremont,147.32,34.75
2024-10-30 19:41:58,Fremont,128.72,33.79
2024-10-30 18:41:58,Fremont,88.11,5.61
2024-10-30 17:41:58,Fremont,75.31,40.91
2024-10-30 16:41:58,Fremont,136.23,43.81
2024-10-30 15:41:58,Fremont,0.48,41.89
2024-10-30 14:41:58,Fremont,21.86,24.89
2024-10-30 13:41:58,Fremont,125.82,67.76
2024-10-30 12:41:58,Fremont,61.63,58.38
2024-10-30 11:41:58,Fremont,17.91,77.72
2024-10-30 10:41:58,Fremont,127.12,39.76
2024-10-30 09:41:58,Fremont,128.22,68.94
2024-10-30 08:41:58,Fremont,137.58,21.98
2024-10-30 07:41:58,Fremont,167.36,74.97
2024-10-30 06:41:58,Fremont,111.41,44.86
2024-10-30 05:41:58,Fremont,25.91,57.64
2024-10-30 04:41:58,Fremont,152.36,51.74
2024-10-30 03:41:58,Fremont,103.99,33.89
2024-10-30 02:41:58,Fremont,58.18,88.45
2024-10-30 01:41:58,Fremont,98.87,82.08
2024-10-30 00:41:58,Fremont,107.51,20.72
2024-10-29 23:41:58,Fremont,11.47,11.83
2024-10-29 22:41:58,Fremont,143.62,46.28
2024-10-29 21:41:58,Fremont,71.9,44.2
2024-10-29 20:41:58,Fremont,59.95,47.24
2024-10-29 19:41:58,Fremont,26.56,48.0
2024-10-29 18:41:58,Fremont,42.25,79.09
2024-10-29 17:41:58,Fremont,78.2,30.62
2024-10-29 16:41:58,Fremont,150.73,95.7
2024-10-29 15:41:58,Fremont,147.56,96.3
2024-10-29 14:41:58,Fremont,6.04,50.78
2024-10-29 13:41:58,Fremont,97.61,52.09
2024-10-29 12:41:58,Fremont,133.3,46.48
2024-10-29 11:41:58,Fremont,63.8,45.13
2024-10-29 10:41:58,Fremont,133.93,41.08
2024-10-29 09:41:58,Fremont,130.72,67.47
2024-10-29 08:41:58,Fremont,4.27,65.25
2024-10-29 07:41:58,Fremont,175.97,94.96
2024-10-29 06:41:58,Fremont,69.97,51.18
2024-10-29 05:41:58,Fremont,158.58,81.35
2024-10-29 04:41:58,Fremont,3.54,87.63
2024-10-29 03:41:58,Fremont,41.18,93.06
2024-10-29 02:41:58,Fremont,46.05,15.03
2024-10-29 01:41:58,Fremont,34.74,92.62
2024-10-29 00:41:58,Fremont,169.31,31.38
2024-10-28 23:41:58,Fremont,11.73,50.7
2024-10-28 22:41:58,Fremont,75.63,92.29
2024-10-28 21:41:58,Fremont,173.78,66.03
2024-10-28 20:41:58,Fremont,48.31,53.75
2024-10-28 19:41:58,Fremont,9.73,67.57
2024-10-28 18:41:58,Fremont,25.84,78.97
2024-10-28 17:41:58,Fremont,137.95,83.27
2024-10-28 16:41:58,Fremont,104.83,88.07
2024-10-28 15:41:58,Fremont,123.83,51.44
2024-10-28 14:41:58,Fremont,24.51,59.36
2024-10-28 13:41:58,Fremont,171.95,89.77
2024-10-28 12:41:58,Fremont,23.6,83.8
2024-10-28 11:41:58,Fremont,128.3,31.3
2024-10-28 10:41:58,Fremont,169.32,61.49
2024-10-28 09:41:58,Fremont,15.55,55.58
2024-10-28 08:41:58,Fremont,13.91,11.48
2024-10-28 07:41:58,Fremont,150.39,78.77
2024-10-28 06:41:58,Fremont,159.58,48.96
2024-10-28 05:41:58,Fremont,116.32,54.37
2024-10-28 04:41:58,Fremont,63.73,97.29
2024-10-28 03:41:58,Fremont,153.65,31.91
2024-10-28 02:41:58,Fremont,65.45,11.64
2024-10-28 01:41:58,Fremont,126.16,53.38
2024-10-28 00:41:58,Fremont,140.4,25.45
2024-10-27 23:41:58,Fremont,72.35,40.38
2024-10-27 22:41:58,Fremont,36.84,17.05
2024-10-27 21:41:58,Fremont,142.55,64.45
2024-10-27 20:41:58,Fremont,106.4,89.02
2024-10-27 19:41:58,Fremont,96.9,59.88
2024-10-27 18:41:58,Fremont,83.13,85.51
2024-10-27 17:41:58,Fremont,69.18,17.9
2024-10-27 16:41:58,Fremont,116.19,99.34
2024-10-27 15:41:58,Fremont,39.55,30.7
2024-10-27 14:41:58,Fremont,44.11,19.74
2024-10-27 13:41:58,Fremont,2.25,89.34
2024-10-27 12:41:58,Fremont,122.95,41.89
2024-10-27 11:41:58,Fremont,98.36,66.09
2024-10-27 10:41:58,Fremont,69.72,60.22
2024-10-27 09:41:58,Fremont,98.59,64.15
2024-10-27 08:41:58,Fremont,7.13,92.88
2024-10-27 07:41:58,Fremont,148.87,25.17
2024-10-27 06:41:58,Fremont,50.28,52.13
2024-10-27 05:41:58,Fremont,108.57,26.87
2024-10-27 04:41:58,Fremont,6.81,41.19
2024-10-27 03:41:58,Fremont,3.62,57.66
2024-10-27 02:41:58,Fremont,22.48,3.28
2024-10-27 01:41:58,Fremont,88.12,17.1
2024-10-27 00:41:58,Fremont,98.28,72.71
2024-10-26 23:41:58,Fremont,4.23,62.53
2024-10-26 22:41:58,Fremont,74.62,18.72
2024-10-26 21:41:58,Fremont,139.23,96.32
2024-10-26 20:41:58,Fremont,34.78,7.25
2024-10-30 23:41:58,Cupertino,74.37,35.5
2024-10-30 22:41:58,Cupertino,149.08,54.28
2024-10-30 21:41:58,Cupertino,38.88,10.46
2024-10-30 20:41:58,Cupertino,104.14,55.88
2024-10-30 19:41:58,Cupertino,89.04,71.75
2024-10-30 18:41:58,Cupertino,103.53,1.76
2024-10-30 17:41:58,Cupertino,91.07,89.52
2024-10-30 16:41:58,Cupertino,71.1,37.97
2024-10-30 15:41:58,Cupertino,27.85,48.69
2024-10-30 14:41:58,Cupertino,161.73,88.46
2024-10-30 13:41:58,Cupertino,76.94,19.66
2024-10-30 12:41:58,Cupertino,140.46,54.96
2024-10-30 11:41:58,Cupertino,150.91,36.04
2024-10-30 10:41:58,Cupertino,91.64,2.23
2024-10-30 09:41:58,Cupertino,129.59,50.61
2024-10-30 08:41:58,Cupertino,163.73,69.29
2024-10-30 07:41:58,Cupertino,108.44,15.81
2024-10-30 06:41:58,Cupertino,39.22,97.88
2024-10-30 05:41:58,Cupertino,89.86,22.75
2024-10-30 04:41:58,Cupertino,37.19,98.16
2024-10-30 03:41:58,Cupertino,74.62,98.68
2024-10-30 02:41:58,Cupertino,18.77,97.25
2024-10-30 01:41:58,Cupertino,143.14,63.88
2024-10-30 00:41:58,Cupertino,71.59,71.17
2024-10-29 23:41:58,Cupertino,89.96,40.98
2024-10-29 22:41:58,Cupertino,142.15,16.36
2024-10-29 21:41:58,Cupertino,31.32,26.43
2024-10-29 20:41:58,Cupertino,74.54,42.22
2024-10-29 19:41:58,Cupertino,68.79,38.32
2024-10-29 18:41:58,Cupertino,162.8,53.87
2024-10-29 17:41:58,Cupertino,36.73,14.68
2024-10-29 16:41:58,Cupertino,129.06,62.06
2024-10-29 15:41:58,Cupertino,108.13,14.61
2024-10-29 14:41:58,Cupertino,10.72,14.22
2024-10-29 13:41:58,Cupertino,107.43,52.02
2024-10-29 12:41:58,Cupertino,117.93,0.81
2024-10-29 11:41:58,Cupertino,160.01,86.1
2024-10-29 10:41:58,Cupertino,13.6,9.88
2024-10-29 09:41:58,Cupertino,155.32,30.93
2024-10-29 08:41:58,Cupertino,53.63,6.68
2024-10-29 07:41:58,Cupertino,17.22,66.41
2024-10-29 06:41:58,Cupertino,85.21,68.09
2024-10-29 05:41:58,Cupertino,133.6,45.12
2024-10-29 04:41:58,Cupertino,8.41,61.91
2024-10-29 03:41:58,Cupertino,103.79,45.45
2024-10-29 02:41:58,Cupertino,94.61,92.31
2024-10-29 01:41:58,Cupertino,81.01,6.52
2024-10-29 00:41:58,Cupertino,133.21,4.41
2024-10-28 23:41:58,Cupertino,104.75,3.15
2024-10-28 22:41:58,Cupertino,132.5,46.26
2024-10-28 21:41:58,Cupertino,155.72,7.68
2024-10-28 20:41:58,Cupertino,52.92,77.96
2024-10-28 19:41:58,Cupertino,173.95,75.52
2024-10-28 18:41:58,Cupertino,25.48,5.0
2024-10-28 17:41:58,Cupertino,179.51,74.53
2024-10-28 16:41:58,Cupertino,158.1,12.57
2024-10-28 15:41:58,Cupertino,162.81,98.2
2024-10-28 14:41:58,Cupertino,75.73,91.28
2024-10-28 13:41:58,Cupertino,14.68,56.45
2024-10-28 12:41:58,Cupertino,10.05,99.8
2024-10-28 11:41:58,Cupertino,25.67,63.82
2024-10-28 10:41:58,Cupertino,146.67,10.18
2024-10-28 09:41:58,Cupertino,88.9,22.88
2024-10-28 08:41:58,Cupertino,161.89,54.23
2024-10-28 07:41:58,Cupertino,155.14,92.3
2024-10-28 06:41:58,Cupertino,113.34,79.47
2024-10-28 05:41:58,Cupertino,114.01,66.23
2024-10-28 04:41:58,Cupertino,43.8,3.3
2024-10-28 03:41:58,Cupertino,10.65,58.3
2024-10-28 02:41:58,Cupertino,123.7,25.42
2024-10-28 01:41:58,Cupertino,44.61,97.7
2024-10-28 00:41:58,Cupertino,93.73,50.62
2024-10-27 23:41:58,Cupertino,72.71,50.73
2024-10-27 22:41:58,Cupertino,112.04,54.58
2024-10-27 21:41:58,Cupertino,62.15,87.73
2024-10-27 20:41:58,Cupertino,69.83,14.68
2024-10-27 19:41:58,Cupertino,51.19,33.51
2024-10-27 18:41:58,Cupertino,56.14,52.86
2024-10-27 17:41:58,Cupertino,86.03,7.72
2024-10-27 16:41:58,Cupertino,15.49,30.62
2024-10-27 15:41:58,Cupertino,153.53,91.39
2024-10-27 14:41:58,Cupertino,25.0,11.06
2024-10-27 13:41:58,Cupertino,102.64,44.93
2024-10-27 12:41:58,Cupertino,113.19,85.5
2024-10-27 11:41:58,Cupertino,9.16,30.89
2024-10-27 10:41:58,Cupertino,54.95,96.42
2024-10-27 09:41:58,Cupertino,136.84,9.19
2024-10-27 08:41:58,Cupertino,54.27,95.68
2024-10-27 07:41:58,Cupertino,64.48,71.58
2024-10-27 06:41:58,Cupertino,7.22,54.83
2024-10-27 05:41:58,Cupertino,65.4,32.46
2024-10-27 04:41:58,Cupertino,92.1,39.67
2024-10-27 03:41:58,Cupertino,41.99,82.71
2024-10-27 02:41:58,Cupertino,138.19,66.86
2024-10-27 01:41:58,Cupertino,44.82,82.6
2024-10-27 00:41:58,Cupertino,98.16,82.03
2024-10-26 23:41:58,Cupertino,11.79,14.18
2024-10-26 22:41:58,Cupertino,130.59,51.81
2024-10-26 21:41:58,Cupertino,158.08,40.78
2024-10-26 20:41:58,Cupertino,79.56,97.95
2024-10-30 23:41:58,Santa Clara,11.67,48.47
2024-10-30 22:41:58,Santa Clara,49.78,53.5
2024-10-30 21:41:58,Santa Clara,131.28,9.97
2024-10-30 20:41:58,Santa Clara,176.55,12.45
2024-10-30 19:41:58,Santa Clara,27.26,19.68
2024-10-30 18:41:58,Santa Clara,62.44,68.68
2024-10-30 17:41:58,Santa Clara,38.58,79.09
2024-10-30 16:41:58,Santa Clara,67.95,27.65
2024-10-30 15:41:58,Santa Clara,46.77,38.93
2024-10-30 14:41:58,Santa Clara,120.92,15.83
2024-10-30 13:41:58,Santa Clara,58.12,34.29
2024-10-30 12:41:58,Santa Clara,132.57,56.5
2024-10-30 11:41:58,Santa Clara,63.76,75.94
2024-10-30 10:41:58,Santa Clara,42.46,71.37
2024-10-30 09:41:58,Santa Clara,64.88,94.26
2024-10-30 08:41:58,Santa Clara,33.68,46.6
2024-10-30 07:41:58,Santa Clara,129.31,69.99
2024-10-30 06:41:58,Santa Clara,70.62,88.11
2024-10-30 05:41:58,Santa Clara,163.06,54.14
2024-10-30 04:41:58,Santa Clara,169.52,58.45
2024-10-30 03:41:58,Santa Clara,175.82,71.6
2024-10-30 02:41:58,Santa Clara,161.96,94.06
2024-10-30 01:41:58,Santa Clara,91.03,13.34
2024-10-30 00:41:58,Santa Clara,109.29,72.94
2024-10-29 23:41:58,Santa Clara,92.94,21.31
2024-10-29 22:41:58,Santa Clara,31.56,21.66
2024-10-29 21:41:58,Santa Clara,162.25,26.37
2024-10-29 20:41:58,Santa Clara,74.82,52.07
2024-10-29 19:41:58,Santa Clara,31.99,88.79
2024-10-29 18:41:58,Santa Clara,168.87,4.12
2024-10-29 17:41:58,Santa Clara,133.3,24.9
2024-10-29 16:41:58,Santa Clara,21.6,52.04
2024-10-29 15:41:58,Santa Clara,83.03,29.94
2024-10-29 14:41:58,Santa Clara,66.45,14.06
2024-10-29 13:41:58,Santa Clara,78.13,44.95
2024-10-29 12:41:58,Santa Clara,33.58,48.8
2024-10-29 11:41:58,Santa Clara,107.34,59.11
2024-10-29 10:41:58,Santa Clara,144.4,26.49
2024-10-29 09:41:58,Santa Clara,64.68,12.03
2024-10-29 08:41:58,Santa Clara,79.93,31.89
2024-10-29 07:41:58,Santa Clara,140.14,30.71
2024-10-29 06:41:58,Santa Clara,53.34,84.14
2024-10-29 05:41:58,Santa Clara,16.27,59.16
2024-10-29 04:41:58,Santa Clara,132.22,58.43
2024-10-29 03:41:58,Santa Clara,56.09,12.22
2024-10-29 02:41:58,Santa Clara,19.05,94.51
2024-10-29 01:41:58,Santa Clara,75.18,80.5
2024-10-29 00:41:58,Santa Clara,4.61,62.64
2024-10-28 23:41:58,Santa Clara,134.56,62.88
2024-10-28 22:41:58,Santa Clara,165.26,63.74
2024-10-28 21:41:58,Santa Clara,90.08,7.52
2024-10-28 20:41:58,Santa Clara,143.64,88.26
2024-10-28 19:41:58,Santa Clara,100.09,7.39
2024-10-28 18:41:58,Santa Clara,80.56,32.79
2024-10-28 17:41:58,Santa Clara,129.3,18.14
2024-10-28 16:41:58,Santa Clara,111.16,68.16
2024-10-28 15:41:58,Santa Clara,131.48,35.28
2024-10-28 14:41:58,Santa Clara,164.73,46.56
2024-10-28 13:41:58,Santa Clara,68.34,50.61
2024-10-28 12:41:58,Santa Clara,141.6,38.54
2024-10-28 11:41:58,Santa Clara,154.12,35.52
2024-10-28 10:41:58,Santa Clara,79.12,62.44
2024-10-28 09:41:58,Santa Clara,46.88,99.28
2024-10-28 08:41:58,Santa Clara,37.35,89.04
2024-10-28 07:41:58,Santa Clara,19.36,72.0
2024-10-28 06:41:58,Santa Clara,24.17,35.44
2024-10-28 05:41:58,Santa Clara,135.66,7.83
2024-10-28 04:41:58,Santa Clara,147.83,92.82
2024-10-28 03:41:58,Santa Clara,136.91,8.88
2024-10-28 02:41:58,Santa Clara,81.54,96.25
2024-10-28 01:41:58,Santa Clara,162.26,11.32
2024-10-28 00:41:58,Santa Clara,127.65,2.8
2024-10-27 23:41:58,Santa Clara,178.02,1.25
2024-10-27 22:41:58,Santa Clara,61.53,40.24
2024-10-27 21:41:58,Santa Clara,163.8,52.09
2024-10-27 20:41:58,Santa Clara,70.48,33.9
2024-10-27 19:41:58,Santa Clara,40.6,46.01
2024-10-27 18:41:58,Santa Clara,103.75,37.75
2024-10-27 17:41:58,Santa Clara,95.53,3.34
2024-10-27 16:41:58,Santa Clara,119.32,48.14
2024-10-27 15:41:58,Santa Clara,67.13,65.51
2024-10-27 14:41:58,Santa Clara,33.89,91.1
2024-10-27 13:41:58,Santa Clara,2.14,60.53
2024-10-27 12:41:58,Santa Clara,66.66,33.25
2024-10-27 11:41:58,Santa Clara,114.26,17.35
2024-10-27 10:41:58,Santa Clara,178.27,71.79
2024-10-27 09:41:58,Santa Clara,111.29,95.58
2024-10-27 08:41:58,Santa Clara,61.08,81.04
2024-10-27 07:41:58,Santa Clara,179.47,37.63
2024-10-27 06:41:58,Santa Clara,125.97,82.83
2024-10-27 05:41:58,Santa Clara,72.11,92.03
2024-10-27 04:41:58,Santa Clara,24.82,39.88
2024-10-27 03:41:58,Santa Clara,51.32,51.93
2024-10-27 02:41:58,Santa Clara,71.42,72.96
2024-10-27 01:41:58,Santa Clara,67.49,57.92
2024-10-27 00:41:58,Santa Clara,172.22,50.84
2024-10-26 23:41:58,Santa Clara,21.48,99.25
2024-10-26 22:41:58,Santa Clara,78.76,42.66
2024-10-26 21:41:58,Santa Clara,63.27,52.36
2024-10-26 20:41:58,Santa Clara,51.95,63.87
2024-10-30 23:41:58,Oakland,98.86,18.95
2024-10-30 22:41:58,Oakland,172.25,21.15
2024-10-30 21:41:58,Oakland,34.17,23.06
2024-10-30 20:41:58,Oakland,104.87,42.3
2024-10-30 19:41:58,Oakland,106.49,78.86
2024-10-30 18:41:58,Oakland,154.67,70.82
2024-10-30 17:41:58,Oakland,13.13,22.47
2024-10-30 16:41:58,Oakland,42.46,30.54
2024-10-30 15:41:58,Oakland,47.42,15.47
2024-10-30 14:41:58,Oakland,87.95,15.92
2024-10-30 13:41:58,Oakland,169.54,49.13
2024-10-30 12:41:58,Oakland,173.54,82.41
2024-10-30 11:41:58,Oakland,138.64,33.23
2024-10-30 10:41:58,Oakland,3.17,95.77
2024-10-30 09:41:58,Oakland,125.72,99.78
2024-10-30 08:41:58,Oakland,139.59,52.92
2024-10-30 07:41:58,Oakland,174.66,54.27
2024-10-30 06:41:58,Oakland,80.13,65.62
2024-10-30 05:41:58,Oakland,125.02,28.58
2024-10-30 04:41:58,Oakland,152.55,17.58
2024-10-30 03:41:58,Oakland,174.39,90.01
2024-10-30 02:41:58,Oakland,51.46,39.24
2024-10-30 01:41:58,Oakland,77.61,52.55
2024-10-30 00:41:58,Oakland,35.68,93.1
2024-10-29 23:41:58,Oakland,45.65,26.96
2024-10-29 22:41:58,Oakland,135.76,36.99
2024-10-29 21:41:58,Oakland,65.75,70.49
2024-10-29 20:41:58,Oakland,13.04,50.41
2024-10-29 19:41:58,Oakland,103.24,15.79
2024-10-29 18:41:58,Oakland,149.47,86.35
2024-10-29 17:41:58,Oakland,101.04,57.1
2024-10-29 16:41:58,Oakland,138.34,41.65
2024-10-29 15:41:58,Oakland,148.58,9.16
2024-10-29 14:41:58,Oakland,69.94,0.23
2024-10-29 13:41:58,Oakland,89.55,46.52
2024-10-29 12:41:58,Oakland,26.07,51.56
2024-10-29 11:41:58,Oakland,58.65,93.79
2024-10-29 10:41:58,Oakland,144.61,27.23
2024-10-29 09:41:58,Oakland,72.67,12.01
2024-10-29 08:41:58,Oakland,66.67,31.09
2024-10-29 07:41:58,Oakland,47.1,61.52
2024-10-29 06:41:58,Oakland,105.49,13.96
2024-10-29 05:41:58,Oakland,46.61,77.31
2024-10-29 04:41:58,Oakland,106.27,77.21
2024-10-29 03:41:58,Oakland,141.81,6.37
2024-10-29 02:41:58,Oakland,68.34,41.61
2024-10-29 01:41:58,Oakland,27.82,83.26
2024-10-29 00:41:58,Oakland,77.25,59.28
2024-10-28 23:41:58,Oakland,146.95,57.19
2024-10-28 22:41:58,Oakland,119.6,2.31
2024-10-28 21:41:58,Oakland,117.8,38.84
2024-10-28 20:41:58,Oakland,133.22,70.83
2024-10-28 19:41:58,Oakland,136.01,50.68
2024-10-28 18:41:58,Oakland,6.93,76.84
2024-10-28 17:41:58,Oakland,150.71,46.63
2024-10-28 16:41:58,Oakland,59.14,81.12
2024-10-28 15:41:58,Oakland,13.31,7.59
2024-10-28 14:41:58,Oakland,162.17,72.88
2024-10-28 13:41:58,Oakland,34.39,84.07
2024-10-28 12:41:58,Oakland,155.75,70.06
2024-10-28 11:41:58,Oakland,118.99,70.69
2024-10-28 10:41:58,Oakland,36.75,67.97
2024-10-28 09:41:58,Oakland,102.5,89.97
2024-10-28 08:41:58,Oakland,20.11,35.11
2024-10-28 07:41:58,Oakland,96.79,76.32
2024-10-28 06:41:58,Oakland,27.14,62.99
2024-10-28 05:41:58,Oakland,172.83,57.21
2024-10-28 04:41:58,Oakland,170.72,76.89
2024-10-28 03:41:58,Oakland,165.94,10.21
2024-10-28 02:41:58,Oakland,69.19,68.51
2024-10-28 01:41:58,Oakland,116.94,22.31
2024-10-28 00:41:58,Oakland,21.24,11.37
2024-10-27 23:41:58,Oakland,174.18,47.06
2024-10-27 22:41:58,Oakland,16.22,69.44
2024-10-27 21:41:58,Oakland,75.15,21.64
2024-10-27 20:41:58,Oakland,4.33,44.68
2024-10-27 19:41:58,Oakland,11.31,70.85
2024-10-27 18:41:58,Oakland,150.56,66.44
2024-10-27 17:41:58,Oakland,115.4,64.57
2024-10-27 16:41:58,Oakland,47.7,5.6
2024-10-27 15:41:58,Oakland,19.05,13.65
2024-10-27 14:41:58,Oakland,88.64,60.44
2024-10-27 13:41:58,Oakland,125.82,4.75
2024-10-27 12:41:58,Oakland,126.92,35.47
2024-10-27 11:41:58,Oakland,0.14,39.49
2024-10-27 10:41:58,Oakland,18.3,75.27
2024-10-27 09:41:58,Oakland,66.14,5.91
2024-10-27 08:41:58,Oakland,69.15,27.15
2024-10-27 07:41:58,Oakland,63.12,26.38
2024-10-27 06:41:58,Oakland,58.13,48.65
2024-10-27 05:41:58,Oakland,139.71,15.64
2024-10-27 04:41:58,Oakland,57.35,61.52
2024-10-27 03:41:58,Oakland,120.09,75.77
2024-10-27 02:41:58,Oakland,54.09,48.33
2024-10-27 01:41:58,Oakland,29.67,38.98
2024-10-27 00:41:58,Oakland,75.71,59.62
2024-10-26 23:41:58,Oakland,96.25,65.82
2024-10-26 22:41:58,Oakland,5.09,38.47
2024-10-26 21:41:58,Oakland,45.72,37.93
2024-10-26 20:41:58,Oakland,176.05,47.32
2024-10-30 23:41:58,San Francisco,126.66,3.62
2024-10-30 22:41:58,San Francisco,82.53,89.65
2024-10-30 21:41:58,San Francisco,160.83,19.2
2024-10-30 20:41:58,San Francisco,44.49,56.27
2024-10-30 19:41:58,San Francisco,30.99,34.52
2024-10-30 18:41:58,San Francisco,88.35,43.84
2024-10-30 17:41:58,San Francisco,160.89,43.43
2024-10-30 16:41:58,San Francisco,64.13,81.74
2024-10-30 15:41:58,San Francisco,65.95,70.41
2024-10-30 14:41:58,San Francisco,120.18,77.2
2024-10-30 13:41:58,San Francisco,93.04,62.18
2024-10-30 12:41:58,San Francisco,176.47,79.45
2024-10-30 11:41:58,San Francisco,27.46,17.63
2024-10-30 10:41:58,San Francisco,110.74,12.46
2024-10-30 09:41:58,San Francisco,101.79,75.76
2024-10-30 08:41:58,San Francisco,24.29,46.74
2024-10-30 07:41:58,San Francisco,25.51,0.02
2024-10-30 06:41:58,San Francisco,132.9,25.39
2024-10-30 05:41:58,San Francisco,6.58,51.11
2024-10-30 04:41:58,San Francisco,83.14,61.45
2024-10-30 03:41:58,San Francisco,34.2,12.18
2024-10-30 02:41:58,San Francisco,8.67,80.5
2024-10-30 01:41:58,San Francisco,49.48,4.43
2024-10-30 00:41:58,San Francisco,10.84,86.38
2024-10-29 23:41:58,San Francisco,66.63,54.81
2024-10-29 22:41:58,San Francisco,171.73,36.69
2024-10-29 21:41:58,San Francisco,111.28,94.72
2024-10-29 20:41:58,San Francisco,96.35,90.67
2024-10-29 19:41:58,San Francisco,61.86,71.28
2024-10-29 18:41:58,San Francisco,91.68,23.52
2024-10-29 17:41:58,San Francisco,54.81,92.41
2024-10-29 16:41:58,San Francisco,120.23,53.38
2024-10-29 15:41:58,San Francisco,4.85,31.49
2024-10-29 14:41:58,San Francisco,142.2,1.35
2024-10-29 13:41:58,San Francisco,104.84,86.37
2024-10-29 12:41:58,San Francisco,1.44,1.37
2024-10-29 11:41:58,San Francisco,73.43,7.21
2024-10-29 10:41:58,San Francisco,11.18,32.99
2024-10-29 09:41:58,San Francisco,173.51,22.26
2024-10-29 08:41:58,San Francisco,106.4,31.15
2024-10-29 07:41:58,San Francisco,13.9,67.74
2024-10-29 06:41:58,San Francisco,88.73,37.76
2024-10-29 05:41:58,San Francisco,77.68,66.24
2024-10-29 04:41:58,San Francisco,74.3,65.01
2024-10-29 03:41:58,San Francisco,132.49,3.59
2024-10-29 02:41:58,San Francisco,99.71,34.57
2024-10-29 01:41:58,San Francisco,168.5,89.08
2024-10-29 00:41:58,San Francisco,154.81,46.43
2024-10-28 23:41:58,San Francisco,178.71,33.14
2024-10-28 22:41:58,San Francisco,121.06,51.93
2024-10-28 21:41:58,San Francisco,149.2,37.13
2024-10-28 20:41:58,San Francisco,104.39,26.95
2024-10-28 19:41:58,San Francisco,28.07,38.67
2024-10-28 18:41:58,San Francisco,108.99,4.18
2024-10-28 17:41:58,San Francisco,47.35,14.8
2024-10-28 16:41:58,San Francisco,147.28,14.23
2024-10-28 15:41:58,San Francisco,52.05,88.29
2024-10-28 14:41:58,San Francisco,137.51,61.23
2024-10-28 13:41:58,San Francisco,121.18,5.06
2024-10-28 12:41:58,San Francisco,93.42,34.48
2024-10-28 11:41:58,San Francisco,31.88,33.98
2024-10-28 10:41:58,San Francisco,101.83,63.92
2024-10-28 09:41:58,San Francisco,12.14,59.0
2024-10-28 08:41:58,San Francisco,149.33,69.95
2024-10-28 07:41:58,San Francisco,77.39,43.52
2024-10-28 06:41:58,San Francisco,68.37,63.06
2024-10-28 05:41:58,San Francisco,120.82,80.48
2024-10-28 04:41:58,San Francisco,11.04,0.79
2024-10-28 03:41:58,San Francisco,79.33,88.59
2024-10-28 02:41:58,San Francisco,136.61,81.71
2024-10-28 01:41:58,San Francisco,84.17,86.6
2024-10-28 00:41:58,San Francisco,91.01,59.88
2024-10-27 23:41:58,San Francisco,68.03,36.0
2024-10-27 22:41:58,San Francisco,85.44,12.23
2024-10-27 21:41:58,San Francisco,3.55,92.36
2024-10-27 20:41:58,San Francisco,11.84,24.73
2024-10-27 19:41:58,San Francisco,33.84,58.0
2024-10-27 18:41:58,San Francisco,11.5,93.74
2024-10-27 17:41:58,San Francisco,134.74,58.35
2024-10-27 16:41:58,San Francisco,156.95,77.85
2024-10-27 15:41:58,San Francisco,2.6,26.22
2024-10-27 14:41:58,San Francisco,123.05,77.95
2024-10-27 13:41:58,San Francisco,8.42,97.79
2024-10-27 12:41:58,San Francisco,167.92,6.41
2024-10-27 11:41:58,San Francisco,138.89,24.35
2024-10-27 10:41:58,San Francisco,172.63,14.05
2024-10-27 09:41:58,San Francisco,76.91,44.7
2024-10-27 08:41:58,San Francisco,92.51,96.2
2024-10-27 07:41:58,San Francisco,96.3,80.41
2024-10-27 06:41:58,San Francisco,147.84,95.41
2024-10-27 05:41:58,San Francisco,177.69,56.64
2024-10-27 04:41:58,San Francisco,135.56,45.91
2024-10-27 03:41:58,San Francisco,88.44,7.57
2024-10-27 02:41:58,San Francisco,177.71,89.67
2024-10-27 01:41:58,San Francisco,122.76,3.68
2024-10-27 00:41:58,San Francisco,66.15,63.65
2024-10-26 23:41:58,San Francisco,48.04,70.95
2024-10-26 22:41:58,San Francisco,124.38,23.73
2024-10-26 21:41:58,San Francisco,39.01,78.78
2024-10-26 20:41:58,San Francisco,3.47,20.75
2024-10-30 23:41:58,Redwood City,119.45,54.02
2024-10-30 22:41:58,Redwood City,82.73,22.76
2024-10-30 21:41:58,Redwood City,161.14,57.92
2024-10-30 20:41:58,Redwood City,108.77,37.38
2024-10-30 19:41:58,Redwood City,161.98,88.23
2024-10-30 18:41:58,Redwood City,50.6,6.94
2024-10-30 17:41:58,Redwood City,131.61,52.18
2024-10-30 16:41:58,Redwood City,20.62,19.84
2024-10-30 15:41:58,Redwood City,13.43,8.26
2024-10-30 14:41:58,Redwood City,115.96,9.13
2024-10-30 13:41:58,Redwood City,168.14,77.6
2024-10-30 12:41:58,Redwood City,90.04,76.58
2024-10-30 11:41:58,Redwood City,169.37,59.13
2024-10-30 10:41:58,Redwood City,120.06,10.8
2024-10-30 09:41:58,Redwood City,122.64,12.27
2024-10-30 08:41:58,Redwood City,3.88,2.76
2024-10-30 07:41:58,Redwood City,54.42,19.51
2024-10-30 06:41:58,Redwood City,172.67,91.76
2024-10-30 05:41:58,Redwood City,87.27,71.55
2024-10-30 04:41:58,Redwood City,112.27,61.88
2024-10-30 03:41:58,Redwood City,72.89,21.61
2024-10-30 02:41:58,Redwood City,100.05,68.27
2024-10-30 01:41:58,Redwood City,178.01,59.14
2024-10-30 00:41:58,Redwood City,9.53,75.14
2024-10-29 23:41:58,Redwood City,28.25,53.98
2024-10-29 22:41:58,Redwood City,148.74,1.86
2024-10-29 21:41:58,Redwood City,28.07,98.75
2024-10-29 20:41:58,Redwood City,115.69,99.76
2024-10-29 19:41:58,Redwood City,155.26,24.09
2024-10-29 18:41:58,Redwood City,34.61,59.22
2024-10-29 17:41:58,Redwood City,20.91,68.48
2024-10-29 16:41:58,Redwood City,75.0,48.2
2024-10-29 15:41:58,Redwood City,110.71,40.67
2024-10-29 14:41:58,Redwood City,3.54,92.08
2024-10-29 13:41:58,Redwood City,40.96,75.9
2024-10-29 12:41:58,Redwood City,46.48,5.22
2024-10-29 11:41:58,Redwood City,123.33,12.45
2024-10-29 10:41:58,Redwood City,41.56,56.09
2024-10-29 09:41:58,Redwood City,48.65,1.68
2024-10-29 08:41:58,Redwood City,138.04,16.04
2024-10-29 07:41:58,Redwood City,179.53,13.84
2024-10-29 06:41:58,Redwood City,84.86,47.02
2024-10-29 05:41:58,Redwood City,158.85,0.41
2024-10-29 04:41:58,Redwood City,70.53,83.92
2024-10-29 03:41:58,Redwood City,127.55,65.58
2024-10-29 02:41:58,Redwood City,85.49,84.63
2024-10-29 01:41:58,Redwood City,43.0,96.04
2024-10-29 00:41:58,Redwood City,145.34,11.96
2024-10-28 23:41:58,Redwood City,107.99,38.88
2024-10-28 22:41:58,Redwood City,92.11,33.68
2024-10-28 21:41:58,Redwood City,112.65,12.71
2024-10-28 20:41:58,Redwood City,25.36,67.42
2024-10-28 19:41:58,Redwood City,142.72,72.82
2024-10-28 18:41:58,Redwood City,42.19,18.14
2024-10-28 17:41:58,Redwood City,122.97,82.66
2024-10-28 16:41:58,Redwood City,164.4,41.79
2024-10-28 15:41:58,Redwood City,11.21,18.67
2024-10-28 14:41:58,Redwood City,169.34,99.45
2024-10-28 13:41:58,Redwood City,6.94,88.82
2024-10-28 12:41:58,Redwood City,37.16,10.43
2024-10-28 11:41:58,Redwood City,54.41,23.33
2024-10-28 10:41:58,Redwood City,96.67,17.31
2024-10-28 09:41:58,Redwood City,108.37,68.07
2024-10-28 08:41:58,Redwood City,108.38,3.73
2024-10-28 07:41:58,Redwood City,135.57,86.62
2024-10-28 06:41:58,Redwood City,151.22,77.47
2024-10-28 05:41:58,Redwood City,167.59,56.11
2024-10-28 04:41:58,Redwood City,168.71,8.03
2024-10-28 03:41:58,Redwood City,24.62,81.52
2024-10-28 02:41:58,Redwood City,90.85,45.71
2024-10-28 01:41:58,Redwood City,99.93,79.75
2024-10-28 00:41:58,Redwood City,129.83,8.75
2024-10-27 23:41:58,Redwood City,42.07,65.14
2024-10-27 22:41:58,Redwood City,51.51,73.08
2024-10-27 21:41:58,Redwood City,23.65,26.23
2024-10-27 20:41:58,Redwood City,106.14,1.53
2024-10-27 19:41:58,Redwood City,78.14,70.55
2024-10-27 18:41:58,Redwood City,108.67,90.54
2024-10-27 17:41:58,Redwood City,119.8,78.66
2024-10-27 16:41:58,Redwood City,22.32,61.22
2024-10-27 15:41:58,Redwood City,48.23,12.53
2024-10-27 14:41:58,Redwood City,30.86,57.93
2024-10-27 13:41:58,Redwood City,170.63,97.96
2024-10-27 12:41:58,Redwood City,1.52,71.64
2024-10-27 11:41:58,Redwood City,107.91,93.52
2024-10-27 10:41:58,Redwood City,138.46,64.54
2024-10-27 09:41:58,Redwood City,8.21,80.56
2024-10-27 08:41:58,Redwood City,171.18,68.47
2024-10-27 07:41:58,Redwood City,140.29,98.1
2024-10-27 06:41:58,Redwood City,155.75,34.23
2024-10-27 05:41:58,Redwood City,77.52,57.05
2024-10-27 04:41:58,Redwood City,106.4,88.16
2024-10-27 03:41:58,Redwood City,89.31,68.78
2024-10-27 02:41:58,Redwood City,31.39,64.68
2024-10-27 01:41:58,Redwood City,111.04,79.99
2024-10-27 00:41:58,Redwood City,75.99,88.76
2024-10-26 23:41:58,Redwood City,87.76,87.97
2024-10-26 22:41:58,Redwood City,111.66,66.59
2024-10-26 21:41:58,Redwood City,135.75,68.34
2024-10-26 20:41:58,Redwood City,125.02,74.34
2024-10-30 23:41:58,Berkeley,60.04,74.95
2024-10-30 22:41:58,Berkeley,57.41,23.16
2024-10-30 21:41:58,Berkeley,114.41,60.61
2024-10-30 20:41:58,Berkeley,124.69,61.46
2024-10-30 19:41:58,Berkeley,120.84,37.72
2024-10-30 18:41:58,Berkeley,111.45,84.39
2024-10-30 17:41:58,Berkeley,35.35,86.05
2024-10-30 16:41:58,Berkeley,166.55,74.35
2024-10-30 15:41:58,Berkeley,7.12,51.3
2024-10-30 14:41:58,Berkeley,80.26,4.89
2024-10-30 13:41:58,Berkeley,15.95,85.43
2024-10-30 12:41:58,Berkeley,178.32,34.97
2024-10-30 11:41:58,Berkeley,61.11,16.74
2024-10-30 10:41:58,Berkeley,31.13,21.24
2024-10-30 09:41:58,Berkeley,113.75,15.05
2024-10-30 08:41:58,Berkeley,166.19,5.32
2024-10-30 07:41:58,Berkeley,112.71,49.89
2024-10-30 06:41:58,Berkeley,56.31,13.31
2024-10-30 05:41:58,Berkeley,24.57,99.59
2024-10-30 04:41:58,Berkeley,10.95,69.12
2024-10-30 03:41:58,Berkeley,50.85,47.62
2024-10-30 02:41:58,Berkeley,18.55,85.5
2024-10-30 01:41:58,Berkeley,30.79,55.54
2024-10-30 00:41:58,Berkeley,10.01,68.43
2024-10-29 23:41:58,Berkeley,43.83,1.28
2024-10-29 22:41:58,Berkeley,19.01,39.11
2024-10-29 21:41:58,Berkeley,159.28,15.28
2024-10-29 20:41:58,Berkeley,13.43,51.58
2024-10-29 19:41:58,Berkeley,55.31,37.38
2024-10-29 18:41:58,Berkeley,10.4,93.29
2024-10-29 17:41:58,Berkeley,172.15,29.02
2024-10-29 16:41:58,Berkeley,77.93,70.8
2024-10-29 15:41:58,Berkeley,70.57,38.04
2024-10-29 14:41:58,Berkeley,107.82,54.61
2024-10-29 13:41:58,Berkeley,175.36,19.54
2024-10-29 12:41:58,Berkeley,24.99,60.4
2024-10-29 11:41:58,Berkeley,9.46,75.14
2024-10-29 10:41:58,Berkeley,121.03,99.63
2024-10-29 09:41:58,Berkeley,99.83,53.25
2024-10-29 08:41:58,Berkeley,160.16,12.04
2024-10-29 07:41:58,Berkeley,77.04,68.6
2024-10-29 06:41:58,Berkeley,80.58,62.2
2024-10-29 05:41:58,Berkeley,174.36,9.49
2024-10-29 04:41:58,Berkeley,45.28,15.85
2024-10-29 03:41:58,Berkeley,93.71,66.16
2024-10-29 02:41:58,Berkeley,103.24,30.37
2024-10-29 01:41:58,Berkeley,158.02,84.44
2024-10-29 00:41:58,Berkeley,113.21,73.2
2024-10-28 23:41:58,Berkeley,175.09,26.12
2024-10-28 22:41:58,Berkeley,120.73,51.76
2024-10-28 21:41:58,Berkeley,135.2,98.62
2024-10-28 20:41:58,Berkeley,53.22,26.34
2024-10-28 19:41:58,Berkeley,76.96,11.44
2024-10-28 18:41:58,Berkeley,173.99,46.84
2024-10-28 17:41:58,Berkeley,46.59,82.38
2024-10-28 16:41:58,Berkeley,112.54,17.03
2024-10-28 15:41:58,Berkeley,15.04,64.59
2024-10-28 14:41:58,Berkeley,45.39,86.93
2024-10-28 13:41:58,Berkeley,3.52,25.87
2024-10-28 12:41:58,Berkeley,168.98,92.48
2024-10-28 11:41:58,Berkeley,42.99,69.71
2024-10-28 10:41:58,Berkeley,63.02,86.33
2024-10-28 09:41:58,Berkeley,123.49,54.41
2024-10-28 08:41:58,Berkeley,165.11,56.43
2024-10-28 07:41:58,Berkeley,179.53,32.36
2024-10-28 06:41:58,Berkeley,29.24,31.31
2024-10-28 05:41:58,Berkeley,110.97,45.28
2024-10-28 04:41:58,Berkeley,122.69,15.32
2024-10-28 03:41:58,Berkeley,33.59,59.91
2024-10-28 02:41:58,Berkeley,74.02,59.44
2024-10-28 01:41:58,Berkeley,137.24,6.16
2024-10-28 00:41:58,Berkeley,179.85,48.59
2024-10-27 23:41:58,Berkeley,87.51,48.08
2024-10-27 22:41:58,Berkeley,25.92,93.12
2024-10-27 21:41:58,Berkeley,165.15,14.95
2024-10-27 20:41:58,Berkeley,0.42,98.98
2024-10-27 19:41:58,Berkeley,84.76,94.54
2024-10-27 18:41:58,Berkeley,10.87,28.03
2024-10-27 17:41:58,Berkeley,123.97,51.57
2024-10-27 16:41:58,Berkeley,89.31,35.99
2024-10-27 15:41:58,Berkeley,113.87,79.28
2024-10-27 14:41:58,Berkeley,179.4,35.02
2024-10-27 13:41:58,Berkeley,123.61,68.67
2024-10-27 12:41:58,Berkeley,8.4,98.11
2024-10-27 11:41:58,Berkeley,116.48,98.31
2024-10-27 10:41:58,Berkeley,32.9,40.84
2024-10-27 09:41:58,Berkeley,132.21,43.57
2024-10-27 08:41:58,Berkeley,166.03,78.4
2024-10-27 07:41:58,Berkeley,2.51,62.36
2024-10-27 06:41:58,Berkeley,20.51,87.66
2024-10-27 05:41:58,Berkeley,75.29,40.73
2024-10-27 04:41:58,Berkeley,172.12,83.03
2024-10-27 03:41:58,Berkeley,55.8,59.11
2024-10-27 02:41:58,Berkeley,11.44,12.96
2024-10-27 01:41:58,Berkeley,157.24,7.52
2024-10-27 00:41:58,Berkeley,10.24,38.58
2024-10-26 23:41:58,Berkeley,147.52,34.05
2024-10-26 22:41:58,Berkeley,93.08,95.53
2024-10-26 21:41:58,Berkeley,176.76,80.97
2024-10-26 20:41:58,Berkeley,19.25,96.32
2024-10-30 23:41:58,Vallejo,150.04,30.72
2024-10-30 22:41:58,Vallejo,134.82,53.85
2024-10-30 21:41:58,Vallejo,3.1,80.13
2024-10-30 20:41:58,Vallejo,21.68,94.93
2024-10-30 19:41:58,Vallejo,162.6,59.96
2024-10-30 18:41:58,Vallejo,70.52,66.3
2024-10-30 17:41:58,Vallejo,71.37,58.36
2024-10-30 16:41:58,Vallejo,162.76,33.14
2024-10-30 15:41:58,Vallejo,131.38,44.84
2024-10-30 14:41:58,Vallejo,143.26,21.27
2024-10-30 13:41:58,Vallejo,6.91,83.52
2024-10-30 12:41:58,Vallejo,156.48,16.93
2024-10-30 11:41:58,Vallejo,153.09,94.82
2024-10-30 10:41:58,Vallejo,97.69,85.8
2024-10-30 09:41:58,Vallejo,76.5,17.25
2024-10-30 08:41:58,Vallejo,98.63,86.26
2024-10-30 07:41:58,Vallejo,164.01,77.73
2024-10-30 06:41:58,Vallejo,145.82,48.54
2024-10-30 05:41:58,Vallejo,136.6,16.92
2024-10-30 04:41:58,Vallejo,130.0,10.52
2024-10-30 03:41:58,Vallejo,87.33,12.59
2024-10-30 02:41:58,Vallejo,94.4,3.37
2024-10-30 01:41:58,Vallejo,28.5,89.04
2024-10-30 00:41:58,Vallejo,66.63,85.02
2024-10-29 23:41:58,Vallejo,134.23,24.1
2024-10-29 22:41:58,Vallejo,170.12,31.32
2024-10-29 21:41:58,Vallejo,10.87,26.08
2024-10-29 20:41:58,Vallejo,172.08,70.0
2024-10-29 19:41:58,Vallejo,9.89,12.83
2024-10-29 18:41:58,Vallejo,60.13,66.39
2024-10-29 17:41:58,Vallejo,96.73,94.34
2024-10-29 16:41:58,Vallejo,147.0,88.61
2024-10-29 15:41:58,Vallejo,137.38,36.47
2024-10-29 14:41:58,Vallejo,110.16,2.1
2024-10-29 13:41:58,Vallejo,145.31,44.82
2024-10-29 12:41:58,Vallejo,79.82,40.64
2024-10-29 11:41:58,Vallejo,3.91,51.27
2024-10-29 10:41:58,Vallejo,111.8,44.46
2024-10-29 09:41:58,Vallejo,141.08,55.43
2024-10-29 08:41:58,Vallejo,137.68,71.95
2024-10-29 07:41:58,Vallejo,24.45,22.77
2024-10-29 06:41:58,Vallejo,0.06,74.92
2024-10-29 05:41:58,Vallejo,65.09,35.73
2024-10-29 04:41:58,Vallejo,169.21,11.96
2024-10-29 03:41:58,Vallejo,131.15,43.25
2024-10-29 02:41:58,Vallejo,56.92,39.64
2024-10-29 01:41:58,Vallejo,170.84,74.05
2024-10-29 00:41:58,Vallejo,9.78,60.45
2024-10-28 23:41:58,Vallejo,84.21,43.75
2024-10-28 22:41:58,Vallejo,92.8,90.53
2024-10-28 21:41:58,Vallejo,174.69,69.02
2024-10-28 20:41:58,Vallejo,84.19,98.63
2024-10-28 19:41:58,Vallejo,168.7,37.13
2024-10-28 18:41:58,Vallejo,37.58,75.97
2024-10-28 17:41:58,Vallejo,111.29,94.35
2024-10-28 16:41:58,Vallejo,120.25,0.11
2024-10-28 15:41:58,Vallejo,126.91,32.34
2024-10-28 14:41:58,Vallejo,35.46,73.31
2024-10-28 13:41:58,Vallejo,93.3,80.83
2024-10-28 12:41:58,Vallejo,133.13,76.72
2024-10-28 11:41:58,Vallejo,19.96,15.02
2024-10-28 10:41:58,Vallejo,116.77,62.68
2024-10-28 09:41:58,Vallejo,131.33,54.78
2024-10-28 08:41:58,Vallejo,84.32,49.41
2024-10-28 07:41:58,Vallejo,117.03,50.85
2024-10-28 06:41:58,Vallejo,13.01,64.81
2024-10-28 05:41:58,Vallejo,64.59,67.5
2024-10-28 04:41:58,Vallejo,19.17,68.25
2024-10-28 03:41:58,Vallejo,130.98,27.44
2024-10-28 02:41:58,Vallejo,33.74,21.51
2024-10-28 01:41:58,Vallejo,171.53,8.16
2024-10-28 00:41:58,Vallejo,40.63,98.49
2024-10-27 23:41:58,Vallejo,104.75,78.97
2024-10-27 22:41:58,Vallejo,89.0,3.96
2024-10-27 21:41:58,Vallejo,30.18,80.3
2024-10-27 20:41:58,Vallejo,163.54,86.51
2024-10-27 19:41:58,Vallejo,150.48,74.96
2024-10-27 18:41:58,Vallejo,81.15,66.9
2024-10-27 17:41:58,Vallejo,46.89,64.42
2024-10-27 16:41:58,Vallejo,14.53,8.91
2024-10-27 15:41:58,Vallejo,133.09,45.13
2024-10-27 14:41:58,Vallejo,108.48,22.11
2024-10-27 13:41:58,Vallejo,35.55,38.32
2024-10-27 12:41:58,Vallejo,18.85,51.27
2024-10-27 11:41:58,Vallejo,68.78,41.26
2024-10-27 10:41:58,Vallejo,79.96,91.15
2024-10-27 09:41:58,Vallejo,133.34,78.57
2024-10-27 08:41:58,Vallejo,165.49,72.65
2024-10-27 07:41:58,Vallejo,121.34,20.05
2024-10-27 06:41:58,Vallejo,112.8,38.94
2024-10-27 05:41:58,Vallejo,152.73,94.98
2024-10-27 04:41:58,Vallejo,130.76,77.36
2024-10-27 03:41:58,Vallejo,49.94,48.96
2024-10-27 02:41:58,Vallejo,167.28,31.4
2024-10-27 01:41:58,Vallejo,66.48,9.08
2024-10-27 00:41:58,Vallejo,162.4,44.57
2024-10-26 23:41:58,Vallejo,171.05,72.96
2024-10-26 22:41:58,Vallejo,1.52,51.0
2024-10-26 21:41:58,Vallejo,161.84,13.95
2024-10-26 20:41:58,Vallejo,108.86,36.19
2024-10-30 23:41:58,Gilroy,57.92,19.38
2024-10-30 22:41:58,Gilroy,114.17,49.41
2024-10-30 21:41:58,Gilroy,129.95,44.37
2024-10-30 20:41:58,Gilroy,36.38,81.43
2024-10-30 19:41:58,Gilroy,37.96,56.12
2024-10-30 18:41:58,Gilroy,86.98,70.65
2024-10-30 17:41:58,Gilroy,12.91,69.54
2024-10-30 16:41:58,Gilroy,9.27,31.28
2024-10-30 15:41:58,Gilroy,20.24,50.18
2024-10-30 14:41:58,Gilroy,70.64,58.54
2024-10-30 13:41:58,Gilroy,141.9,41.1
2024-10-30 12:41:58,Gilroy,2.0,2.12
2024-10-30 11:41:58,Gilroy,163.1,38.11
2024-10-30 10:41:58,Gilroy,93.71,1.07
2024-10-30 09:41:58,Gilroy,142.05,69.05
2024-10-30 08:41:58,Gilroy,155.96,54.01
2024-10-30 07:41:58,Gilroy,57.04,80.6
2024-10-30 06:41:58,Gilroy,102.96,4.41
2024-10-30 05:41:58,Gilroy,106.61,49.2
2024-10-30 04:41:58,Gilroy,93.41,62.3
2024-10-30 03:41:58,Gilroy,63.71,94.55
2024-10-30 02:41:58,Gilroy,0.85,64.0
2024-10-30 01:41:58,Gilroy,77.65,32.53
2024-10-30 00:41:58,Gilroy,166.22,16.76
2024-10-29 23:41:58,Gilroy,97.09,41.94
2024-10-29 22:41:58,Gilroy,161.67,87.68
2024-10-29 21:41:58,Gilroy,87.85,52.39
2024-10-29 20:41:58,Gilroy,120.68,20.16
2024-10-29 19:41:58,Gilroy,52.37,18.16
2024-10-29 18:41:58,Gilroy,106.84,16.78
2024-10-29 17:41:58,Gilroy,159.51,1.02
2024-10-29 16:41:58,Gilroy,159.94,22.81
2024-10-29 15:41:58,Gilroy,78.63,65.33
2024-10-29 14:41:58,Gilroy,12.18,14.89
2024-10-29 13:41:58,Gilroy,59.21,23.37
2024-10-29 12:41:58,Gilroy,20.64,55.05
2024-10-29 11:41:58,Gilroy,156.04,67.36
2024-10-29 10:41:58,Gilroy,58.52,69.24
2024-10-29 09:41:58,Gilroy,54.09,10.64
2024-10-29 08:41:58,Gilroy,71.8,60.72
2024-10-29 07:41:58,Gilroy,107.53,1.03
2024-10-29 06:41:58,Gilroy,171.54,54.78
2024-10-29 05:41:58,Gilroy,87.51,85.81
2024-10-29 04:41:58,Gilroy,81.79,52.64
2024-10-29 03:41:58,Gilroy,75.26,7.21
2024-10-29 02:41:58,Gilroy,65.96,35.66
2024-10-29 01:41:58,Gilroy,107.04,66.51
2024-10-29 00:41:58,Gilroy,20.73,47.11
2024-10-28 23:41:58,Gilroy,99.58,88.86
2024-10-28 22:41:58,Gilroy,164.72,50.33
2024-10-28 21:41:58,Gilroy,1.39,80.87
2024-10-28 20:41:58,Gilroy,108.55,28.41
2024-10-28 19:41:58,Gilroy,2.15,40.16
2024-10-28 18:41:58,Gilroy,150.34,97.66
2024-10-28 17:41:58,Gilroy,36.71,43.55
2024-10-28 16:41:58,Gilroy,155.31,29.01
2024-10-28 15:41:58,Gilroy,11.86,85.67
2024-10-28 14:41:58,Gilroy,112.35,19.68
2024-10-28 13:41:58,Gilroy,19.99,38.27
2024-10-28 12:41:58,Gilroy,166.49,12.59
2024-10-28 11:41:58,Gilroy,90.79,29.6
2024-10-28 10:41:58,Gilroy,163.28,1.45
2024-10-28 09:41:58,Gilroy,33.25,29.82
2024-10-28 08:41:58,Gilroy,160.32,69.64
2024-10-28 07:41:58,Gilroy,103.2,88.09
2024-10-28 06:41:58,Gilroy,160.21,0.81
2024-10-28 05:41:58,Gilroy,116.34,92.31
2024-10-28 04:41:58,Gilroy,113.31,12.31
2024-10-28 03:41:58,Gilroy,139.27,84.66
2024-10-28 02:41:58,Gilroy,142.24,39.68
2024-10-28 01:41:58,Gilroy,41.04,50.23
2024-10-28 00:41:58,Gilroy,43.6,0.81
2024-10-27 23:41:58,Gilroy,139.86,2.99
2024-10-27 22:41:58,Gilroy,4.99,53.34
2024-10-27 21:41:58,Gilroy,132.78,86.87
2024-10-27 20:41:58,Gilroy,120.79,86.58
2024-10-27 19:41:58,Gilroy,143.84,57.81
2024-10-27 18:41:58,Gilroy,138.76,99.06
2024-10-27 17:41:58,Gilroy,51.02,97.53
2024-10-27 16:41:58,Gilroy,74.26,97.38
2024-10-27 15:41:58,Gilroy,9.34,55.48
2024-10-27 14:41:58,Gilroy,167.82,45.16
2024-10-27 13:41:58,Gilroy,97.79,65.26
2024-10-27 12:41:58,Gilroy,22.08,97.39
2024-10-27 11:41:58,Gilroy,167.88,40.31
2024-10-27 10:41:58,Gilroy,57.43,63.3
2024-10-27 09:41:58,Gilroy,11.77,74.26
2024-10-27 08:41:58,Gilroy,111.81,99.15
2024-10-27 07:41:58,Gilroy,54.14,46.69
2024-10-27 06:41:58,Gilroy,161.68,49.38
2024-10-27 05:41:58,Gilroy,139.99,74.31
2024-10-27 04:41:58,Gilroy,73.33,87.32
2024-10-27 03:41:58,Gilroy,74.92,24.57
2024-10-27 02:41:58,Gilroy,105.89,2.02
2024-10-27 01:41:58,Gilroy,46.9,13.76
2024-10-27 00:41:58,Gilroy,20.41,39.83
2024-10-26 23:41:58,Gilroy,46.69,0.27
2024-10-26 22:41:58,Gilroy,23.72,58.25
2024-10-26 21:41:58,Gilroy,105.39,38.0
2024-10-26 20:41:58,Gilroy,42.58,99.0