notificationId,phoneNumber,accountId
1,1918585418,914294
2,7447709146,623614
3,8452668706,563731
4,8930919781,236204
5,5206587235,421503
6,2317014317,837159
7,5358433374,393967
8,7088141187,526978
9,9838626851,427312
10,1754666967,588834
11,9859207861,851715
12,4362511530,389459
13,3624218293,219418
14,3398050700,505654
15,1758408576,366530
16,6030467280,522210
17,7743166604,437075
18,1187432022,731458
19,7547228703,903338
20,8168581126,577000
21,5410256938,992967
22,6645324060,276199
23,1837092644,511630
24,6774447574,545395
25,6458940416,926185
26,6207647187,720595
27,1668951107,223050
28,5457957433,426557
29,1800711548,676834
30,3845981573,335470
31,3788348140,226356
32,2173595782,448259
33,8602151823,109788
34,6719213333,405772
35,5296771469,820857
36,9969711658,319676
37,9089206266,489725
38,5002380379,927454
39,9983632453,126243
40,4644341135,243324
41,5797262900,245828
42,1799582829,168108
43,4152802189,880371
44,3422943968,266214
45,9851425630,150840
46,6296807891,666592
47,2628157089,563916
48,5025140365,227021
49,5207182971,753226
50,3278984805,117011
51,3932990240,849830
52,1466249533,689406
53,1098831014,294377
54,9137832308,695627
55,6098616250,795063
56,9134980234,670958
57,8757995852,536269
58,8440054829,967538
59,3291850743,976186
60,2228716602,643901
61,6841288312,115857
62,2268835717,770324
63,6809622808,667274
64,2240424352,157696
65,1039370442,337373
66,4694908095,998913
67,5334714491,992752
68,6717998793,268530
69,6020312386,753101
70,5617187005,119757
71,1595509710,242352
72,9920667131,800877
73,6435259812,114311
74,3341500257,825489
75,6352508926,770152
76,4244010695,635372
77,2186989117,979172
78,6822323810,356857
79,2026081466,595074
80,4722457074,533188
81,7091193927,418360
82,2125900210,507218
83,8149544008,684310
84,5511655903,946496
85,5971678055,383610
86,5775217694,567059
87,9582052594,948238
88,8467024269,402358
89,6798575335,645995
90,8497141741,917613
91,2432505048,160719
92,6846878463,782118
93,9734401173,463334
94,6221300464,908339
95,2880922105,875977
96,4075066193,952886
97,8282643916,324643
98,6138404995,379252
99,7674331635,400644
100,6641589359,165235
101,2889815228,249581
102,6067613803,356709
103,8052095461,995161
104,4040235169,240506
105,6116576767,463877
106,9225640189,190038
107,4878589686,285337
108,6697001669,442038
109,6983990289,442281
110,7620887620,101049
111,5642333233,376548
112,4391002547,732565
113,1293155440,623552
114,7809646827,333499
115,1816478770,190157
116,6421723108,530011
117,2637963279,511778
118,1598810108,245214
119,9692885814,704834
120,4065874886,157732
121,1392985655,714512
122,1403373756,901687
123,9910207842,865435
124,4338265339,430977
125,7483123823,730336
126,2921181422,806206
127,4537229499,119870
128,2902787788,165582
129,6942734477,313152
130,5485550194,499490
131,4845967464,140625
132,6543892884,202685
133,5829021294,137519
134,6908522746,816053
135,3110430987,246197
136,9100745138,314749
137,7374574008,915218
138,2298392436,336810
139,5837045691,151120
140,9733792784,305465
141,5744769862,842407
142,6234621351,734521
143,8887290079,134277
144,4054380606,904494
145,8329247982,779577
146,4052961778,185291
147,5542539481,754944
148,4521209169,614966
149,7209284633,422462
150,2775005046,787401
151,6361840444,132280
152,8577597103,783802
153,8966439497,169103
154,3211773359,119971
155,2143762275,805632
156,6656851982,388157
157,2657326358,813692
158,3440953458,998112
159,4605362451,821636
160,7572029682,471275
161,2284212709,695518
162,6147159894,678750
163,6216235509,850176
164,7718301675,921481
165,4496895861,921903
166,9760222032,753716
167,8213480874,865580
168,1124034740,621751
169,1235010116,905248
170,6304174903,427964
171,2882441878,533275
172,3598348135,619746
173,1171789624,958746
174,1588791240,943148
175,7742783659,593383
176,5686557521,126801
177,8061674325,384489
178,4180357669,337026
179,6778265927,792236
180,7356705994,555828
181,6099941455,657869
182,2394239074,223060
183,8462349858,982670
184,3576934689,433589
185,8803153152,273355
186,4313279880,216374
187,2951204513,542284
188,1522523618,219112
189,7322560006,795782
190,3921619008,705613
191,7529017065,371513
192,4511241828,640715
193,8781056879,259046
194,8489438642,352843
195,9465402968,353355
196,1166493614,608119
197,5400139413,111838
198,7530018068,229004
199,8446146746,649004
200,8497197804,622410
201,6722268780,332990
202,6176704572,187379
203,6618198982,558503
204,5532627471,648360
205,6150852130,329924
206,8351607017,410044
207,6095365101,707453
208,3233563202,530385
209,6658023483,920534
210,8714279349,866415
211,8792269290,911853
212,7076593134,507919
213,9702543613,490464
214,1516236393,136955
215,2362413030,279809
216,6570258238,760426
217,2589995112,728313
218,1446052234,690286
219,5387548462,478795
220,2203732642,786236
221,1403125375,569408
222,9617654087,263759
223,4970909662,822447
224,9763986898,948785
225,6535974526,999303
226,5280103581,586955
227,3344730143,388348
228,9307511630,780885
229,6882621191,502232
230,4409850376,257926
231,2084399484,530031
232,8093391753,319416
233,6058298541,651371
234,1290746771,848286
235,3710889829,602362
236,5015976875,280846
237,2764815671,344095
238,2189459152,187237
239,3392270087,807771
240,2312444802,447924
241,1833310440,492949
242,9945455689,184618
243,7483939263,343272
244,4308471026,614984
245,8298462171,248064
246,1621526063,465375
247,6007736964,481520
248,4612818282,450026
249,7899162824,626738
250,8456749029,948957
251,9942062434,544304
252,3660134432,460655
253,4264927783,839512
254,9068477455,772072
255,7358098709,430666
256,8903743194,878514
257,6889422006,356798
258,5124243828,580378
259,9947592052,531699
260,6681933248,890554
261,1390761342,514457
262,8487171908,312977
263,8751147805,732266
264,6018836026,141381
265,6173050264,133764
266,1803910995,749297
267,8469382827,287313
268,2484216021,233762
269,5067833548,662370
270,7295529739,392144
271,9947250404,403428
272,9676135261,392607
273,9277521225,396141
274,8910471074,582420
275,2300248862,129151
276,4808163691,904596
277,7994050756,268988
278,7518043480,436423
279,3130531468,996095
280,2053455591,873540
281,1912987160,428974
282,3816455626,621594
283,7008638860,470724
284,2359663522,506169
285,5315512075,947105
286,4354349337,233636
287,7108362558,554995
288,2892119439,766787
289,9278532782,342276
290,8216676299,992729
291,8071035820,253644
292,7823670687,905142
293,4392928542,233246
294,1132789368,968837
295,2622682764,954450
296,4333136655,274287
297,8786185199,129616
298,6015365278,166378
299,1716180603,394865
300,9305332862,341391
301,1821944886,555821
302,8996237842,487420
303,9101961038,381276
304,5382264801,702682
305,2860551082,399006
306,1114262540,967040
307,8008473101,364423
308,7293008433,826921
309,6346454856,443270
310,1974561823,102787
311,5099911991,245319
312,3941667038,952517
313,5192655666,435313
314,5635014417,528573
315,9497936505,614695
316,8281737046,452483
317,5632006329,654761
318,8243977588,783980
319,3879245984,232121
320,1709931386,145934
321,1908501312,922032
322,5240033293,176865
323,9679976462,409856
324,7793590388,302741
325,6987192335,931652
326,8151392609,546332
327,4731098592,538908
328,6618079459,729702
329,2341328525,930545
330,3537536749,856846
331,9253030878,870108
332,9418791075,270803
333,4776163042,277647
334,8820788792,693899
335,9205265049,574025
336,7325700067,556793
337,8728511286,711748
338,8354378357,119853
339,2421244575,374135
340,7399675189,194321
341,9662816194,824537
342,9197212511,413307
343,5371988435,934968
344,7132208781,583383
345,7653994186,105152
346,5668292814,663845
347,7737635240,867557
348,9242288403,888304
349,7623055425,418012
350,2109399034,123033
351,5792362891,953249
352,1597873488,722747
353,3621033731,781944
354,1642958025,327386
355,3285646971,946215
356,4357448205,317839
357,9652003392,100816
358,8261046317,657456
359,6083202179,675649
360,9865949937,619781
361,7882603410,542817
362,2725314483,176955
363,4599685611,848713
364,6007912293,822495
365,9930231225,309281
366,9119952207,516467
367,9447415703,673191
368,8119562891,923420
369,4663371672,743749
370,8189404764,372534
371,3263317344,175381
372,6962092744,100024
373,1877103474,150417
374,9001417136,234025
375,2877810941,338760
376,6158081100,954516
377,2316521175,236575
378,8043468639,100682
379,7731080808,671325
380,4753428909,543891
381,2042155400,825811
382,7024928918,267737
383,1745948569,182014
384,1913602637,684067
385,2631205417,489741
386,2705685111,628873
387,3549595383,127899
388,6199918643,516645
389,5385993413,110084
390,3272912489,453072
391,9981965972,787303
392,3931401996,291233
393,7556512845,318495
394,4448982762,449436
395,5670737548,881990
396,2330332943,774421
397,8915697931,602932
398,2567630299,425218
399,2428860071,309867
400,1651253231,244229
401,9957352896,688590
402,2034819540,399562
403,4007940851,853891
404,2861023719,667177
405,1447237901,641857
406,2093414928,879007
407,1030483272,855826
408,8275377261,275085
409,7725862257,271165
410,3906857660,189170
411,2736336264,433208
412,9536941560,969194
413,1610323093,714095
414,4773854513,509186
415,4896167659,981034
416,9893908385,863669
417,2709886814,605735
418,4457624746,215444
419,1221048388,394204
420,5938742755,102995
421,2298549500,986881
422,1310087924,642500
423,3302902467,140134
424,6710109953,726616
425,2773300215,389141
426,6916690817,939155
427,4512323004,132444
428,2561413234,746236
429,8950751635,900057
430,1838524795,298396
431,5713440329,618488
432,3413788322,584023
433,2281786934,854811
434,6816937546,358226
435,8904612912,326519
436,6255297676,503758
437,4966383213,340759
438,9923563982,844921
439,8858952824,395772
440,7083767466,247314
441,9100398906,258691
442,8862399149,980382
443,8512545754,371373
444,3966005202,122882
445,4741533427,915625
446,2180437490,216290
447,2772442045,654894
448,7582340540,497464
449,7838817392,640902
450,9082439417,973906
451,6128664975,775904
452,6110560055,654280
453,2913399641,602271
454,4943915634,201612
455,4846458432,732325
456,7982147916,920081
457,4807163224,458981
458,5831439771,431123
459,4471565643,755977
460,5919808688,885230
461,4610190399,561201
462,9011610130,931412
463,7880676919,552962
464,8296371322,684409
465,4262681140,527648
466,5352059025,967362
467,3837248242,594214
468,6523521009,555043
469,9250972481,225247
470,2669977600,597541
471,1716536706,512354
472,2350377632,424926
473,7267304105,119834
474,8380566531,750789
475,2466431758,661577
476,5893754343,750661
477,9005173123,924237
478,6158688967,561133
479,4297628065,714950
480,3779044512,916783
481,5338955772,948241
482,5797448733,675843
483,4507092455,953154
484,3269687092,876309
485,7171119237,734996
486,8433187934,515374
487,3624972191,126919
488,9706424009,615196
489,2837692284,186461
490,1512417496,686170
491,4716611206,302022
492,9362389436,920971
493,7506895339,982655
494,7989044550,642282
495,6986498768,965136
496,1312170925,895301
497,6902014744,267360
498,8197971949,237274
499,2778776525,291262
500,4426200847,301674
501,8363480880,166218
502,5451272454,123207
503,1079301740,687060
504,1944553412,391345
505,1239184863,535455
506,1339382153,932519
507,8559354061,547951
508,8262389273,899282
509,2693279520,952990
510,7421911629,146083
511,8702607238,816474
512,8861454233,913001
513,3394523762,214666
514,3306779107,897080
515,3227522527,180235
516,1433868805,601509
517,3532234767,820996
518,8560118907,883132
519,3375592151,126590
520,2816026378,830319
521,5646227900,943298
522,3296704252,548718
523,8527396245,795044
524,6898634371,434013
525,8957588287,668328
526,2518629248,775560
527,1918200548,138471
528,8546115467,708094
529,8505385900,505197
530,5024787983,516817
531,3978584416,974017
532,6497582393,439709
533,9610178932,437267
534,6889458602,810760
535,3129037814,176563
536,2903413703,695439
537,7367856719,450820
538,1060629562,963433
539,4667507910,812911
540,7298425075,405268
541,7436625011,187398
542,7005688686,456383
543,3294728977,428574
544,4007696363,613556
545,6667316068,798053
546,9230597461,874697
547,7448560544,775768
548,8503496464,287296
549,3733505038,288374
550,8077959882,615006
551,6146673392,663549
552,5382566981,362722
553,3622061246,600125
554,9282495188,465315
555,4495193298,108071
556,2688286450,885922
557,5056580390,797466
558,8942076014,692706
559,6813086976,498388
560,4452373993,612163
561,7105844719,906027
562,2339723181,900068
563,2634334758,387472
564,6174674999,467687
565,9495858630,386008
566,9561513167,211933
567,2363960412,863128
568,6934270265,787701
569,8468345826,943111
570,7228543505,850689
571,8303952494,842712
572,4903776862,583772
573,1447117066,172159
574,6035796788,421253
575,7893592981,404211
576,7663703333,270492
577,5352460733,909886
578,8891894258,357630
579,1344155420,358982
580,7098572166,187548
581,2362163119,527632
582,4002012463,707612
583,5144144687,536049
584,4584074118,278795
585,7767080472,605079
586,8031925749,314967
587,7834314536,671693
588,9701899793,406949
589,1193331977,736596
590,6693085151,618259
591,5852212479,198631
592,1875360935,442163
593,4504269797,283041
594,8405287574,410282
595,2783652452,799769
596,2720681181,375308
597,4123678723,130750
598,2192388734,697945
599,1869323795,251777
600,2511864104,775199
601,1294606914,440930
602,6953403231,838451
603,3955383667,369237
604,9749913580,157560
605,5341869077,795462
606,1722536750,532184
607,4043155374,331755
608,1045669797,587938
609,4328143436,113572
610,5125418055,238492
611,8602834077,279042
612,7092364542,201024
613,2742859795,578655
614,9194076546,761762
615,4838103248,407106
616,9110677317,131309
617,6881158065,831132
618,9421194268,350768
619,9076084515,413969
620,7982226015,797974
621,1152673748,462831
622,4028516627,462714
623,7278099591,907257
624,4341363516,732598
625,1323014943,755746
626,6708042497,674035
627,3758377821,522084
628,9513622923,472794
629,5052751349,210928
630,9452636579,476430
631,3690448069,305601
632,2395192574,687000
633,1019509342,432906
634,1316052585,574029
635,5937517236,389770
636,5969681400,174546
637,2344135331,272275
638,8870953020,712337
639,7579606246,210232
640,2656301187,898930
641,1887992520,722117
642,1938164080,562524
643,8696041545,890614
644,7299194649,301876
645,8370056294,795824
646,1537611045,624034
647,6327511554,179503
648,8124565621,880060
649,4287932795,272442
650,9963511242,599778
651,6413889355,559099
652,7062680763,838184
653,4229989753,231286
654,3978657377,725322
655,2646555408,962948
656,4958658581,220442
657,9290396584,941931
658,8249553173,290956
659,8801954033,410381
660,2943409453,931464
661,9658765018,916643
662,9196029920,479386
663,9364032584,555808
664,5805188682,987128
665,7579034897,475563
666,6664478116,768034
667,3822361879,413747
668,9687957791,762240
669,3033865702,819419
670,6935814246,190244
671,2614317293,888568
672,2511151248,470972
673,9491603145,719738
674,6450199387,432772
675,7045841983,568385
676,5247513511,678724
677,2687298356,647282
678,3110428958,454684
679,1301485756,594541
680,1353166146,506722
681,4881446940,405574
682,6135932491,884889
683,8600701023,543564
684,7805230560,497059
685,3804167182,358627
686,4711678963,546785
687,3756167061,479830
688,8470201899,184377
689,8362513082,266447
690,8906794010,114403
691,1263844722,379209
692,9215571633,452016
693,5522216474,794706
694,6292278296,559396
695,8163844517,976744
696,7407055403,326853
697,3173344113,481549
698,4722215924,739703
699,8146301186,214708
700,2479745277,737590
701,9127288639,426971
702,3864517636,575012
703,1692469443,872368
704,1564708761,518341
705,3202001178,409390
706,7942088092,274097
707,6373315404,383765
708,7484512295,296352
709,9708968345,612781
710,9626011442,650600
711,5250159779,110178
712,3519537517,693904
713,9300865733,454614
714,6497050995,130921
715,3969401609,630903
716,1703766417,458442
717,4877726618,519401
718,6154746875,237575
719,3510471766,323968
720,6754518952,480469
721,7150291346,259015
722,7430749845,124296
723,1549611932,590469
724,9792973526,982924
725,6631694813,187273
726,4952982339,482720
727,1878995441,675953
728,5696618253,335910
729,5630838257,645537
730,1773303666,200902
731,4511787679,511102
732,8729020218,968305
733,3988406176,990383
734,2674383633,518517
735,5660034140,685722
736,7554685631,697012
737,8558514574,839292
738,6249733844,566871
739,6202653114,582411
740,1192083467,593456
741,5993331593,327054
742,3233456718,547898
743,9033044274,461558
744,2339213244,374704
745,5857594810,159874
746,3343967379,922963
747,9864098891,236457
748,3934846739,124473
749,9925149462,174015
750,8480180342,314829
751,3627199392,807176
752,6122741004,161079
753,8960171551,741556
754,7540495203,591802
755,3960755368,773286
756,9626634890,686151
757,9946613497,136877
758,3765553280,777029
759,5730413678,838080
760,1103713031,139317
761,8240454577,831258
762,9257836099,972937
763,8599657131,454617
764,8060554324,411906
765,9117064838,434324
766,5055744606,836537
767,9752162089,964725
768,2954233704,669728
769,8934093533,178682
770,8107518906,476518
771,3569908289,356571
772,8610952950,838142
773,2327816050,205012
774,5180783577,583310
775,4395072505,775126
776,8325063908,303732
777,9615447140,808882
778,9450152323,838372
779,1937209718,365207
780,9212767381,858430
781,2053681932,460173
782,4142128360,736513
783,9322981065,900428
784,8581263836,516004
785,2087380719,559007
786,4532330069,997957
787,3407609145,815036
788,1164201491,274707
789,6497454516,997630
790,1539555052,856145
791,7845870522,774895
792,3908112715,700280
793,5480875401,772968
794,5143234600,395635
795,9603555706,788786
796,1762309336,900734
797,6665044284,495586
798,8132568758,637432
799,9016390675,702631
800,2386141602,518645
801,7880783140,347961
802,9495255192,147089
803,5360797129,847183
804,9879864577,736593
805,2998713519,407333
806,8102186796,225353
807,3863554840,293165
808,4403624346,772713
809,8703602182,933548
810,8412590269,904126
811,1460982184,133295
812,9168407984,707272
813,6717510499,558689
814,5157684683,612572
815,1832897650,648511
816,2053455042,281047
817,2345327671,638938
818,6461911472,868338
819,6879104553,323925
820,2361892092,250824
821,7666241117,580912
822,5635423868,121546
823,8840950288,830906
824,8477569727,188363
825,2847737598,854044
826,7956822682,438820
827,4455592141,329824
828,2397885585,702462
829,6831561590,363508
830,9846216229,659580
831,8977592815,689320
832,7384785307,476496
833,6530675485,259400
834,2490741233,894357
835,1962750625,792495
836,4301555567,127926
837,4682456207,777712
838,6640556035,395657
839,9957168642,405863
840,9477757306,125829
841,7598985269,609771
842,3823456206,279073
843,2077207064,317150
844,2142945679,438807
845,4424633893,126880
846,4982863108,358716
847,3604817530,532710
848,2073077688,376999
849,1810759844,929951
850,3217303158,407007
851,1454375454,355288
852,2153895602,802963
853,7657865482,417870
854,3962270531,920371
855,7759730928,213769
856,9945028697,685857
857,5310677794,604576
858,6165674988,796177
859,5159623620,128369
860,4371142709,218465
861,2256309377,696715
862,6177336330,901733
863,1418837240,549791
864,5202614270,936150
865,9092622530,534829
866,8117107193,214660
867,6743858175,172204
868,6268902988,644647
869,7277461380,936648
870,3636294409,230169
871,8606793559,202416
872,6074281746,313406
873,8670803218,630484
874,6559825977,320877
875,4879403364,143570
876,3888097270,338865
877,9146009349,327358
878,6401011462,210573
879,6843305772,561274
880,2842806399,118138
881,4953112895,311398
882,9911920121,941812
883,4049571941,129613
884,4648631039,368144
885,8425264529,196967
886,8603790006,221048
887,4600875239,678310
888,1286612950,437954
889,2292204042,842599
890,6052100299,798877
891,4102036476,333452
892,2932070806,197382
893,5979827146,531756
894,5221783303,308594
895,5019915170,348203
896,8406406784,681603
897,9544951195,490432
898,1527603102,761584
899,1039219787,589151
900,7601954243,943034
901,8299144925,466226
902,8720050665,762840
903,7307119040,899726
904,3578525941,481939
905,2286542632,363733
906,7263843833,229743
907,1506727557,702357
908,7018333024,232415
909,3922304941,225927
910,1835890740,471722
911,6232957415,818355
912,6002109590,822569
913,8984740072,786292
914,5881001125,369848
915,1706112269,467371
916,7643228025,902076
917,9418817703,197941
918,7870437892,458536
919,3413733391,220260
920,5618187399,343491
921,6739780230,835215
922,3660983130,114969
923,1559702247,797132
924,1216416108,560679
925,4625040675,209680
926,9851707042,163166
927,9036663762,964472
928,3022803907,947149
929,9445974372,623153
930,7276424239,751896
931,8976918848,355777
932,4287647679,376583
933,5739589007,790266
934,4360801452,855784
935,8467379493,108534
936,3879787093,877914
937,6033803106,762630
938,5633767513,109167
939,6354290644,814109
940,4501844367,458621
941,8904407689,236270
942,9364747710,560808
943,8636763182,189723
944,8693854321,755830
945,1538568562,970792
946,3037848209,718001
947,8410346935,571701
948,1537357537,930976
949,1143821723,447450
950,7023495164,391339
951,9296434542,738976
952,3662739982,717841
953,8754390310,154313
954,3300609773,852045
955,8056513025,740694
956,6178582462,939555
957,1972484762,490369
958,4557241033,996067
959,7333599872,174537
960,3688471429,438049
961,4192008286,848034
962,6606281812,525277
963,9148021353,972541
964,9591233396,611283
965,7467598818,392969
966,2248471956,577495
967,1332421793,123573
968,8458523821,650508
969,6471596022,106186
970,2553703704,627820
971,8714904757,971677
972,1904796898,226702
973,8346165669,619852
974,2871225472,488556
975,2002955643,333979
976,4376231317,760112
977,3341949177,404019
978,9005220846,985002
979,3608484373,732844
980,5062492801,233320
981,4240144745,943423
982,4393968526,360022
983,5059231437,975424
984,9993647607,172199
985,4054635379,864373
986,1397027584,552643
987,1542434436,567131
988,2587213185,394526
989,6695978712,443563
990,7638827100,368419
991,6473230296,938962
992,8759663493,429137
993,8039931935,150206
994,5095921413,912304
995,4215735427,119501
996,2955518456,909759
997,4131024158,749687
998,7065197397,460692
999,8775685671,329167
1000,8040583334,620457
